"시도별","성별","장애유형별",2007,2008,2009,2010,2011,2012,2013,2014,2015,2016,2017,2018,2019,2020,2021,2022,2023,2024
"전국","계","합계",2104889,2246965,2429547,2517312,2519241,2511159,2501112,2494460,2490406,2511051,2545637,2585850,2618724,2632328,2642922,2643696,2633262,2631356
"전국","계","지체",1114094,1191013,1293331,1337722,1333429,1322131,1309285,1295608,1281497,1267174,1254130,1238521,1223088,1207197,1191036,1173652,1151503,1132644
"전국","계","시각",216881,228126,241237,249259,251258,252564,253095,252825,252874,252794,252632,252953,253039,252275,251489,250064,247821,246182
"전국","계","청각",203324,223102,245801,260403,261067,258589,255399,252779,250334,271843,302003,342580,377068,395707,411528,423589,431869,442034
"전국","계","언어",14882,15458,16249,17207,17463,17743,17830,18275,18813,19409,20321,20744,21482,22380,23034,23242,22685,22389
"전국","계","지적",142589,146898,154953,161249,167479,173257,178866,184355,189752,195283,200903,206916,212930,217084,221500,225457,229511,233322
"전국","계","뇌병변",214751,232389,251818,261746,260718,257797,253493,251543,250862,250456,252819,253076,252112,250130,247636,242939,237562,234703
"전국","계","자폐성",11874,12954,13933,14888,15857,16906,18133,19524,21103,22853,24698,26703,28678,30802,33650,37596,42732,47350
"전국","계","정신",81961,86624,94776,95821,94739,94638,95675,96963,98643,100069,101175,102140,102974,103502,104152,104175,103907,103215
"전국","계","신장",47509,50474,54030,57142,60110,63434,66551,70434,74468,78750,83562,87892,92399,97496,102045,105195,107636,111084
"전국","계","심장",14352,14732,15127,12864,9542,7744,6928,6401,5833,5507,5399,5303,5264,5226,5151,5030,4854,4781
"전국","계","호흡기",14289,14984,15860,15551,14671,13879,13150,12445,12033,11831,11807,11761,11520,11530,11484,11257,10765,10512
"전국","계","간",6329,6968,7730,7920,8145,8588,9194,9668,10324,11042,11843,12524,13154,13806,14427,15022,15609,16098
"전국","계","안면",2149,2337,2505,2696,2715,2709,2696,2689,2685,2680,2692,2689,2672,2676,2710,2719,2747,2756
"전국","계","장루ㆍ요루",11184,11740,12437,13072,13098,13374,13546,13867,14116,14404,14718,15027,15290,15424,16003,16691,17074,17397
"전국","계","뇌전증",8721,9166,9760,9772,8950,7806,7271,7084,7069,6956,6935,7021,7054,7093,7077,7068,6987,6889
"전국","남자","합계",1284089,1345557,1425896,1468333,1466460,1460490,1453606,1448878,1446943,1457588,1475550,1496287,1513099,1520852,1527233,1529440,1524697,1525056
"전국","남자","지체",692491,719878,757670,777411,773142,765820,757723,749259,741089,732667,725384,716784,708224,699625,690865,681702,670055,660204
"전국","남자","시각",133766,139144,145605,149354,150130,150815,151009,150843,150883,150752,150364,150314,150252,149714,149251,148505,147051,146198
"전국","남자","청각",115368,125070,136503,143824,143649,142029,140022,138356,136850,147749,162319,182238,199058,208550,216369,222574,226548,231521
"전국","남자","언어",10910,11263,11808,12506,12626,12807,12840,13095,13483,13900,14590,14909,15361,15939,16347,16492,15984,15709
"전국","남자","지적",86525,89477,94172,97808,101431,104770,107993,111183,114419,117725,121167,124746,128327,130751,133338,135801,138212,140359
"전국","남자","뇌병변",125555,134927,145254,150599,149749,147871,145303,143931,143637,143359,144706,145002,144574,143554,142243,139867,136868,135378
"전국","남자","자폐성",9885,10854,11710,12575,13466,14370,15438,16629,17964,19419,20972,22629,24234,25946,28218,31319,35340,38924
"전국","남자","정신",44662,46655,50627,50886,50160,49891,50183,50594,51309,51838,52144,52421,52655,52723,52922,52772,52332,51794
"전국","남자","신장",26798,28488,30500,32411,34219,36240,38199,40650,43132,45769,48768,51520,54339,57565,60475,62579,64381,66792
"전국","남자","심장",8912,9087,9405,7986,5974,4834,4340,4000,3646,3450,3405,3368,3367,3372,3331,3251,3130,3107
"전국","남자","호흡기",11211,11641,12236,11975,11252,10587,9933,9392,8990,8822,8819,8762,8540,8514,8460,8284,7904,7731
"전국","남자","간",4841,5288,5811,5881,5990,6319,6717,7000,7445,7938,8494,8925,9309,9718,10115,10478,10827,11093
"전국","남자","안면",1267,1367,1449,1571,1583,1573,1567,1557,1555,1549,1557,1561,1559,1550,1582,1594,1613,1626
"전국","남자","장루ㆍ요루",6986,7302,7728,8106,8128,8281,8349,8513,8683,8876,9098,9291,9445,9474,9851,10379,10667,10915
"전국","남자","뇌전증",4912,5116,5418,5440,4961,4283,3990,3876,3858,3775,3763,3817,3855,3857,3866,3843,3785,3705
"전국","여자","합계",820800,901408,1003651,1048979,1052781,1050669,1047506,1045582,1043463,1053463,1070087,1089563,1105625,1111476,1115689,1114256,1108565,1106300
"전국","여자","지체",421603,471135,535661,560311,560287,556311,551562,546349,540408,534507,528746,521737,514864,507572,500171,491950,481448,472440
"전국","여자","시각",83115,88982,95632,99905,101128,101749,102086,101982,101991,102042,102268,102639,102787,102561,102238,101559,100770,99984
"전국","여자","청각",87956,98032,109298,116579,117418,116560,115377,114423,113484,124094,139684,160342,178010,187157,195159,201015,205321,210513
"전국","여자","언어",3972,4195,4441,4701,4837,4936,4990,5180,5330,5509,5731,5835,6121,6441,6687,6750,6701,6680
"전국","여자","지적",56064,57421,60781,63441,66048,68487,70873,73172,75333,77558,79736,82170,84603,86333,88162,89656,91299,92963
"전국","여자","뇌병변",89196,97462,106564,111147,110969,109926,108190,107612,107225,107097,108113,108074,107538,106576,105393,103072,100694,99325
"전국","여자","자폐성",1989,2100,2223,2313,2391,2536,2695,2895,3139,3434,3726,4074,4444,4856,5432,6277,7392,8426
"전국","여자","정신",37299,39969,44149,44935,44579,44747,45492,46369,47334,48231,49031,49719,50319,50779,51230,51403,51575,51421
"전국","여자","신장",20711,21986,23530,24731,25891,27194,28352,29784,31336,32981,34794,36372,38060,39931,41570,42616,43255,44292
"전국","여자","심장",5440,5645,5722,4878,3568,2910,2588,2401,2187,2057,1994,1935,1897,1854,1820,1779,1724,1674
"전국","여자","호흡기",3078,3343,3624,3576,3419,3292,3217,3053,3043,3009,2988,2999,2980,3016,3024,2973,2861,2781
"전국","여자","간",1488,1680,1919,2039,2155,2269,2477,2668,2879,3104,3349,3599,3845,4088,4312,4544,4782,5005
"전국","여자","안면",882,970,1056,1125,1132,1136,1129,1132,1130,1131,1135,1128,1113,1126,1128,1125,1134,1130
"전국","여자","장루ㆍ요루",4198,4438,4709,4966,4970,5093,5197,5354,5433,5528,5620,5736,5845,5950,6152,6312,6407,6482
"전국","여자","뇌전증",3809,4050,4342,4332,3989,3523,3281,3208,3211,3181,3172,3204,3199,3236,3211,3225,3202,3184
"서울특별시","계","합계",346275,368955,401638,414522,411570,407528,403435,398908,393245,391027,391753,392911,394804,394001,391609,389620,387448,386316
"서울특별시","계","지체",178147,190123,208668,214979,212084,208074,204168,199943,194843,189777,185424,180605,176760,172564,167871,163898,159896,156133
"서울특별시","계","시각",37003,38950,41326,42653,42807,42937,43027,42731,42533,42203,41995,41899,41828,41607,41184,40829,40572,40225
"서울특별시","계","청각",33680,36725,40717,42886,42647,41977,41375,40518,39598,41887,45244,50306,54934,57408,59657,61649,63629,66232
"서울특별시","계","언어",2359,2442,2593,2766,2810,2827,2856,2928,3014,3097,3252,3233,3327,3408,3406,3391,3263,3220
"서울특별시","계","지적",20323,21011,21513,22041,22651,23206,23739,24342,24686,25215,25654,26231,26776,27077,27317,27583,27969,28114
"서울특별시","계","뇌병변",37902,40545,44442,45999,45594,45041,44236,43594,42826,42212,42287,41798,41288,40832,40101,39151,38066,37462
"서울특별시","계","자폐성",2776,3025,3219,3433,3688,3893,4164,4466,4761,5043,5401,5798,6100,6415,6855,7488,8302,8965
"서울특별시","계","정신",12580,13594,15096,15292,15181,15378,15537,15728,15943,16139,16326,16365,16434,16521,16583,16488,16472,16314
"서울특별시","계","신장",10682,11219,11927,12477,12910,13451,13841,14340,14851,15424,16131,16625,17164,17885,18264,18682,18824,19223
"서울특별시","계","심장",2750,2816,2912,2569,2133,1812,1615,1491,1345,1205,1154,1076,1067,1038,1002,979,918,887
"서울특별시","계","호흡기",2489,2568,2781,2752,2526,2423,2336,2211,2156,2157,2130,2130,2127,2120,2125,2103,2035,1980
"서울특별시","계","간",1402,1553,1747,1796,1840,1921,2021,2099,2192,2236,2323,2417,2515,2597,2662,2705,2785,2818
"서울특별시","계","안면",350,360,392,416,423,433,426,431,422,408,398,387,385,378,380,383,390,395
"서울특별시","계","장루ㆍ요루",2331,2430,2593,2731,2685,2717,2748,2783,2789,2760,2794,2799,2855,2900,2954,3060,3109,3159
"서울특별시","계","뇌전증",1501,1594,1712,1732,1591,1438,1346,1303,1286,1264,1240,1242,1244,1251,1248,1231,1218,1189
"서울특별시","남자","합계",211900,221008,235931,242112,239838,237538,234921,232124,228739,227271,227359,227909,228800,228279,226999,225744,224424,223587
"서울특별시","남자","지체",108951,112655,119887,122533,120536,118130,115696,113157,110203,107226,104591,101808,99608,97282,94649,92319,90053,87838
"서울특별시","남자","시각",23196,24118,25347,26041,26082,26183,26197,26040,25902,25709,25464,25320,25197,24995,24717,24527,24293,24063
"서울특별시","남자","청각",19436,20866,22966,24142,23972,23569,23243,22760,22174,23273,25034,27769,30288,31608,32884,33938,34895,36181
"서울특별시","남자","언어",1747,1802,1917,2048,2072,2078,2086,2115,2177,2228,2349,2346,2399,2436,2424,2409,2303,2269
"서울특별시","남자","지적",12698,13108,13392,13693,14002,14323,14620,14985,15172,15480,15762,16119,16418,16591,16715,16821,17056,17112
"서울특별시","남자","뇌병변",23162,24475,26564,27404,27091,26877,26345,25853,25438,25096,25068,24816,24520,24206,23736,23110,22486,22123
"서울특별시","남자","자폐성",2349,2581,2744,2929,3154,3324,3568,3830,4083,4316,4624,4931,5174,5431,5788,6303,6954,7470
"서울특별시","남자","정신",7086,7537,8292,8265,8157,8224,8247,8297,8338,8397,8453,8452,8442,8434,8459,8382,8328,8246
"서울특별시","남자","신장",5965,6263,6673,7030,7315,7709,7984,8308,8606,8974,9408,9761,10075,10578,10853,11129,11287,11525
"서울특별시","남자","심장",1785,1812,1889,1669,1378,1173,1041,952,846,766,740,690,692,682,653,629,593,580
"서울특별시","남자","호흡기",1881,1931,2093,2071,1900,1819,1727,1629,1575,1595,1585,1571,1564,1557,1563,1545,1488,1460
"서울특별시","남자","간",1064,1185,1309,1328,1333,1381,1450,1499,1563,1580,1632,1685,1740,1794,1835,1852,1896,1902
"서울특별시","남자","안면",201,205,217,238,244,243,237,238,230,224,218,215,212,205,210,210,217,218
"서울특별시","남자","장루ㆍ요루",1488,1537,1642,1716,1680,1688,1716,1731,1735,1724,1752,1747,1784,1795,1826,1895,1921,1958
"서울특별시","남자","뇌전증",891,933,999,1005,922,817,764,730,697,683,679,679,687,685,687,675,654,642
"서울특별시","여자","합계",134375,147947,165707,172410,171732,169990,168514,166784,164506,163756,164394,165002,166004,165722,164610,163876,163024,162729
"서울특별시","여자","지체",69196,77468,88781,92446,91548,89944,88472,86786,84640,82551,80833,78797,77152,75282,73222,71579,69843,68295
"서울특별시","여자","시각",13807,14832,15979,16612,16725,16754,16830,16691,16631,16494,16531,16579,16631,16612,16467,16302,16279,16162
"서울특별시","여자","청각",14244,15859,17751,18744,18675,18408,18132,17758,17424,18614,20210,22537,24646,25800,26773,27711,28734,30051
"서울특별시","여자","언어",612,640,676,718,738,749,770,813,837,869,903,887,928,972,982,982,960,951
"서울특별시","여자","지적",7625,7903,8121,8348,8649,8883,9119,9357,9514,9735,9892,10112,10358,10486,10602,10762,10913,11002
"서울특별시","여자","뇌병변",14740,16070,17878,18595,18503,18164,17891,17741,17388,17116,17219,16982,16768,16626,16365,16041,15580,15339
"서울특별시","여자","자폐성",427,444,475,504,534,569,596,636,678,727,777,867,926,984,1067,1185,1348,1495
"서울특별시","여자","정신",5494,6057,6804,7027,7024,7154,7290,7431,7605,7742,7873,7913,7992,8087,8124,8106,8144,8068
"서울특별시","여자","신장",4717,4956,5254,5447,5595,5742,5857,6032,6245,6450,6723,6864,7089,7307,7411,7553,7537,7698
"서울특별시","여자","심장",965,1004,1023,900,755,639,574,539,499,439,414,386,375,356,349,350,325,307
"서울특별시","여자","호흡기",608,637,688,681,626,604,609,582,581,562,545,559,563,563,562,558,547,520
"서울특별시","여자","간",338,368,438,468,507,540,571,600,629,656,691,732,775,803,827,853,889,916
"서울특별시","여자","안면",149,155,175,178,179,190,189,193,192,184,180,172,173,173,170,173,173,177
"서울특별시","여자","장루ㆍ요루",843,893,951,1015,1005,1029,1032,1052,1054,1036,1042,1052,1071,1105,1128,1165,1188,1201
"서울특별시","여자","뇌전증",610,661,713,727,669,621,582,573,589,581,561,563,557,566,561,556,564,547
"부산광역시","계","합계",148145,156966,168493,172765,171729,170743,169750,168663,168084,168950,171384,173819,175370,176258,176361,175858,175062,174256
"부산광역시","계","지체",77472,82358,88677,90881,90375,89257,87995,86620,85284,84013,82660,81254,79858,78505,76990,75457,73838,72162
"부산광역시","계","시각",16196,16970,17828,18200,18245,18322,18354,18264,18244,18241,18197,18134,18057,18022,17869,17700,17551,17361
"부산광역시","계","청각",11535,12617,13845,14589,14567,14405,14207,13991,13847,15077,17632,20492,22743,24193,25362,26264,27157,28055
"부산광역시","계","언어",927,938,973,1033,1062,1079,1111,1158,1213,1278,1365,1422,1468,1542,1575,1606,1587,1534
"부산광역시","계","지적",7938,8188,8592,8926,9217,9553,9876,10174,10511,10812,11155,11528,11852,12117,12381,12638,12846,13027
"부산광역시","계","뇌병변",17193,18370,19776,20447,20257,20124,19967,19787,19812,19829,20060,20107,19910,19718,19458,19000,18477,18075
"부산광역시","계","자폐성",852,900,947,1018,1082,1146,1251,1329,1417,1515,1632,1771,1926,2075,2254,2522,2862,3103
"부산광역시","계","정신",6852,7129,7814,7871,7683,7658,7739,7832,7923,7990,8078,8136,8201,8248,8240,8213,8173,8103
"부산광역시","계","신장",3934,4121,4385,4616,4849,5145,5326,5625,5946,6269,6613,6936,7264,7674,8006,8198,8342,8652
"부산광역시","계","심장",1854,1872,1928,1486,907,704,656,570,517,490,495,478,469,465,452,432,406,394
"부산광역시","계","호흡기",1172,1193,1304,1270,1174,1099,1059,1038,993,983,998,992,993,993,985,972,913,862
"부산광역시","계","간",446,473,494,474,458,476,506,552,602,662,713,752,788,837,875,916,936,948
"부산광역시","계","안면",218,242,254,265,255,257,248,245,241,237,231,235,233,230,228,228,226,221
"부산광역시","계","장루ㆍ요루",786,810,869,895,897,920,919,949,995,1013,1020,1049,1073,1091,1134,1156,1196,1216
"부산광역시","계","뇌전증",770,785,807,794,701,598,536,529,539,541,535,533,535,548,552,556,552,543
"부산광역시","남자","합계",92628,96366,101241,103310,102506,101764,101204,100314,99963,100326,101725,102889,103536,103857,103763,103487,102897,102370
"부산광역시","남자","지체",49666,51357,53384,54365,53943,53268,52527,51598,50848,50018,49254,48394,47476,46653,45722,44837,43882,42843
"부산광역시","남자","시각",10225,10576,10974,11103,11060,11066,11051,10993,10974,10969,10959,10863,10748,10666,10542,10458,10337,10222
"부산광역시","남자","청각",6640,7209,7864,8250,8198,8123,8007,7905,7810,8455,9800,11310,12523,13283,13855,14333,14846,15265
"부산광역시","남자","언어",698,705,722,764,783,793,817,845,878,931,989,1033,1053,1097,1112,1129,1113,1076
"부산광역시","남자","지적",4902,5056,5297,5499,5672,5852,6043,6212,6436,6632,6833,7032,7208,7360,7504,7640,7762,7890
"부산광역시","남자","뇌병변",10354,10982,11811,12204,12122,12002,11945,11708,11667,11688,11798,11805,11668,11571,11442,11174,10782,10549
"부산광역시","남자","자폐성",704,752,800,867,926,970,1059,1128,1198,1271,1374,1483,1615,1722,1859,2056,2330,2513
"부산광역시","남자","정신",3752,3879,4209,4247,4138,4082,4124,4147,4166,4166,4215,4237,4251,4251,4242,4228,4173,4126
"부산광역시","남자","신장",2193,2298,2451,2605,2731,2898,3011,3193,3408,3581,3830,4013,4251,4506,4705,4832,4908,5140
"부산광역시","남자","심장",1145,1149,1181,912,578,452,428,372,336,321,324,313,311,310,298,285,267,261
"부산광역시","남자","호흡기",906,915,998,964,891,826,785,776,739,731,751,746,734,725,716,707,661,624
"부산광역시","남자","간",346,366,375,351,338,354,373,394,432,466,507,535,562,588,613,634,645,650
"부산광역시","남자","안면",138,152,159,160,153,152,148,147,145,141,138,142,140,136,139,140,136,128
"부산광역시","남자","장루ㆍ요루",508,507,548,557,562,578,577,596,627,647,648,675,686,677,698,719,740,770
"부산광역시","남자","뇌전증",451,463,468,462,411,348,309,300,299,309,305,308,310,312,316,315,315,313
"부산광역시","여자","합계",55517,60600,67252,69455,69223,68979,68546,68349,68121,68624,69659,70930,71834,72401,72598,72371,72165,71886
"부산광역시","여자","지체",27806,31001,35293,36516,36432,35989,35468,35022,34436,33995,33406,32860,32382,31852,31268,30620,29956,29319
"부산광역시","여자","시각",5971,6394,6854,7097,7185,7256,7303,7271,7270,7272,7238,7271,7309,7356,7327,7242,7214,7139
"부산광역시","여자","청각",4895,5408,5981,6339,6369,6282,6200,6086,6037,6622,7832,9182,10220,10910,11507,11931,12311,12790
"부산광역시","여자","언어",229,233,251,269,279,286,294,313,335,347,376,389,415,445,463,477,474,458
"부산광역시","여자","지적",3036,3132,3295,3427,3545,3701,3833,3962,4075,4180,4322,4496,4644,4757,4877,4998,5084,5137
"부산광역시","여자","뇌병변",6839,7388,7965,8243,8135,8122,8022,8079,8145,8141,8262,8302,8242,8147,8016,7826,7695,7526
"부산광역시","여자","자폐성",148,148,147,151,156,176,192,201,219,244,258,288,311,353,395,466,532,590
"부산광역시","여자","정신",3100,3250,3605,3624,3545,3576,3615,3685,3757,3824,3863,3899,3950,3997,3998,3985,4000,3977
"부산광역시","여자","신장",1741,1823,1934,2011,2118,2247,2315,2432,2538,2688,2783,2923,3013,3168,3301,3366,3434,3512
"부산광역시","여자","심장",709,723,747,574,329,252,228,198,181,169,171,165,158,155,154,147,139,133
"부산광역시","여자","호흡기",266,278,306,306,283,273,274,262,254,252,247,246,259,268,269,265,252,238
"부산광역시","여자","간",100,107,119,123,120,122,133,158,170,196,206,217,226,249,262,282,291,298
"부산광역시","여자","안면",80,90,95,105,102,105,100,98,96,96,93,93,93,94,89,88,90,93
"부산광역시","여자","장루ㆍ요루",278,303,321,338,335,342,342,353,368,366,372,374,387,414,436,437,456,446
"부산광역시","여자","뇌전증",319,322,339,332,290,250,227,229,240,232,230,225,225,236,236,241,237,230
"대구광역시","계","합계",100082,106448,113509,117141,117183,116839,116567,115983,115694,117111,119766,123068,125482,126383,127245,127332,130288,130674
"대구광역시","계","지체",51307,54613,57969,59485,59200,58538,57925,57107,56313,55583,54677,53691,52682,51680,50607,49578,49627,48649
"대구광역시","계","시각",10794,11326,11868,12165,12247,12286,12228,12239,12198,12153,12096,12067,12034,11960,11872,11760,11841,11745
"대구광역시","계","청각",8705,9581,10707,11559,11640,11629,11536,11409,11317,12829,15724,19390,22369,24003,25686,26840,28736,29915
"대구광역시","계","언어",804,854,881,956,975,982,984,999,1002,1011,1023,1046,1057,1107,1148,1166,1149,1112
"대구광역시","계","지적",6610,6828,7194,7531,7834,8155,8456,8704,8982,9246,9497,9828,10126,10291,10501,10673,11121,11335
"대구광역시","계","뇌병변",11539,12410,13261,13741,13638,13466,13267,13092,13058,13042,13094,12998,12914,12743,12560,12220,12159,11982
"대구광역시","계","자폐성",580,626,661,713,755,812,878,928,971,1040,1101,1156,1188,1248,1366,1548,1802,1995
"대구광역시","계","정신",4965,5233,5756,5716,5624,5629,5787,5865,5921,6025,6062,6080,6065,6020,5991,5918,5990,5935
"대구광역시","계","신장",2459,2568,2697,2855,2987,3134,3316,3474,3756,3939,4155,4406,4625,4899,5051,5157,5343,5486
"대구광역시","계","심장",484,473,483,402,303,280,260,256,251,242,230,237,240,242,239,228,228,222
"대구광역시","계","호흡기",562,597,607,568,534,523,494,466,449,437,450,442,421,420,413,401,378,359
"대구광역시","계","간",291,321,358,341,359,369,405,421,472,531,593,627,649,678,707,732,757,782
"대구광역시","계","안면",113,118,126,138,144,142,144,144,136,140,142,141,137,134,143,141,147,143
"대구광역시","계","장루ㆍ요루",527,528,536,557,570,574,590,591,586,597,620,640,639,619,625,641,683,693
"대구광역시","계","뇌전증",342,372,405,414,373,320,297,288,282,296,302,319,336,339,336,329,327,321
"대구광역시","남자","합계",61821,64640,67614,69335,69162,68998,68796,68517,68376,69090,70289,71927,73110,73463,73930,73895,75268,75419
"대구광역시","남자","지체",32696,33952,34994,35624,35382,35029,34633,34217,33769,33313,32803,32274,31693,31084,30460,29883,29843,29307
"대구광역시","남자","시각",6722,6971,7243,7362,7373,7403,7331,7321,7262,7235,7195,7155,7162,7096,7043,6959,6967,6887
"대구광역시","남자","청각",4775,5208,5770,6200,6194,6170,6106,6062,6033,6803,8143,9859,11362,12183,13025,13542,14427,15006
"대구광역시","남자","언어",607,649,658,726,734,737,748,762,758,756,758,766,765,792,826,840,820,791
"대구광역시","남자","지적",4057,4167,4386,4592,4745,4932,5118,5250,5412,5585,5734,5951,6119,6219,6351,6465,6739,6861
"대구광역시","남자","뇌병변",6877,7338,7793,8027,7959,7848,7736,7648,7646,7649,7654,7636,7573,7464,7385,7197,7108,6981
"대구광역시","남자","자폐성",487,530,556,605,641,693,749,792,824,880,923,973,999,1049,1147,1286,1496,1663
"대구광역시","남자","정신",2635,2760,3041,2997,2937,2946,3021,3058,3087,3124,3124,3145,3121,3099,3082,3044,3049,3011
"대구광역시","남자","신장",1418,1462,1523,1615,1705,1797,1916,1994,2169,2296,2437,2608,2735,2899,3011,3074,3195,3304
"대구광역시","남자","심장",284,278,281,237,176,165,159,149,148,143,135,145,150,153,154,152,155,151
"대구광역시","남자","호흡기",452,472,477,443,417,411,389,365,350,342,345,339,330,329,320,314,295,273
"대구광역시","남자","간",229,250,271,257,265,273,289,301,335,376,423,444,452,470,490,499,509,519
"대구광역시","남자","안면",64,62,67,78,83,82,86,85,80,80,83,81,79,78,85,82,86,84
"대구광역시","남자","장루ㆍ요루",319,327,322,339,344,339,345,345,340,340,363,377,386,366,364,376,401,406
"대구광역시","남자","뇌전증",199,214,232,233,207,173,170,168,163,168,169,174,184,182,187,182,178,175
"대구광역시","여자","합계",38261,41808,45895,47806,48021,47841,47771,47466,47318,48021,49477,51141,52372,52920,53315,53437,55020,55255
"대구광역시","여자","지체",18611,20661,22975,23861,23818,23509,23292,22890,22544,22270,21874,21417,20989,20596,20147,19695,19784,19342
"대구광역시","여자","시각",4072,4355,4625,4803,4874,4883,4897,4918,4936,4918,4901,4912,4872,4864,4829,4801,4874,4858
"대구광역시","여자","청각",3930,4373,4937,5359,5446,5459,5430,5347,5284,6026,7581,9531,11007,11820,12661,13298,14309,14909
"대구광역시","여자","언어",197,205,223,230,241,245,236,237,244,255,265,280,292,315,322,326,329,321
"대구광역시","여자","지적",2553,2661,2808,2939,3089,3223,3338,3454,3570,3661,3763,3877,4007,4072,4150,4208,4382,4474
"대구광역시","여자","뇌병변",4662,5072,5468,5714,5679,5618,5531,5444,5412,5393,5440,5362,5341,5279,5175,5023,5051,5001
"대구광역시","여자","자폐성",93,96,105,108,114,119,129,136,147,160,178,183,189,199,219,262,306,332
"대구광역시","여자","정신",2330,2473,2715,2719,2687,2683,2766,2807,2834,2901,2938,2935,2944,2921,2909,2874,2941,2924
"대구광역시","여자","신장",1041,1106,1174,1240,1282,1337,1400,1480,1587,1643,1718,1798,1890,2000,2040,2083,2148,2182
"대구광역시","여자","심장",200,195,202,165,127,115,101,107,103,99,95,92,90,89,85,76,73,71
"대구광역시","여자","호흡기",110,125,130,125,117,112,105,101,99,95,105,103,91,91,93,87,83,86
"대구광역시","여자","간",62,71,87,84,94,96,116,120,137,155,170,183,197,208,217,233,248,263
"대구광역시","여자","안면",49,56,59,60,61,60,58,59,56,60,59,60,58,56,58,59,61,59
"대구광역시","여자","장루ㆍ요루",208,201,214,218,226,235,245,246,246,257,257,263,253,253,261,265,282,287
"대구광역시","여자","뇌전증",143,158,173,181,166,147,127,120,119,128,133,145,152,157,149,147,149,146
"인천광역시","계","합계",108823,116697,126878,131815,132732,133467,133778,133855,134191,135623,138304,141769,144565,146296,148575,150670,151782,152707
"인천광역시","계","지체",60660,64860,70375,72697,72842,72765,72626,72212,71681,71149,70758,70119,69376,68530,67927,67336,66497,65857
"인천광역시","계","시각",11047,11696,12566,13010,13218,13483,13606,13626,13700,13768,13786,13754,13752,13725,13746,13768,13763,13825
"인천광역시","계","청각",10427,11538,12809,13563,13598,13471,13291,13133,12999,13995,15833,18957,21435,23234,25124,26840,28013,28468
"인천광역시","계","언어",754,816,912,968,968,1009,1031,1088,1164,1193,1272,1319,1414,1488,1542,1557,1501,1494
"인천광역시","계","지적",6392,6616,7120,7533,7952,8294,8599,8898,9182,9487,9786,10104,10521,10823,11064,11401,11735,12115
"인천광역시","계","뇌병변",10087,10946,12073,12639,12708,12761,12667,12661,12794,12824,13068,13224,13243,13181,13221,13196,13130,13191
"인천광역시","계","자폐성",716,758,791,824,854,920,998,1050,1121,1230,1331,1415,1513,1656,1806,2031,2342,2651
"인천광역시","계","정신",3428,3645,4113,4252,4214,4248,4316,4357,4484,4570,4679,4707,4812,4831,4863,4911,4932,4914
"인천광역시","계","신장",2672,2944,3141,3363,3543,3769,3925,4162,4416,4692,5020,5297,5573,5865,6233,6497,6691,6948
"인천광역시","계","심장",503,522,522,446,360,307,275,249,224,223,224,237,243,257,261,252,262,259
"인천광역시","계","호흡기",738,803,823,812,784,733,709,665,655,637,633,651,643,627,629,604,583,581
"인천광역시","계","간",271,321,343,375,408,440,463,491,524,576,595,624,649,691,727,758,789,826
"인천광역시","계","안면",121,127,130,147,145,145,144,136,132,137,141,141,142,146,144,144,147,147
"인천광역시","계","장루ㆍ요루",555,616,647,687,679,708,716,727,732,769,799,825,846,840,880,972,1004,1045
"인천광역시","계","뇌전증",452,489,513,499,459,414,412,400,383,373,379,395,403,402,408,403,393,386
"인천광역시","남자","합계",69149,73021,77768,80311,80814,81204,81214,81260,81324,81961,83337,84905,86340,87292,88409,89464,90019,90486
"인천광역시","남자","지체",40256,42093,44324,45464,45479,45377,45216,44975,44581,44141,43819,43293,42790,42242,41846,41362,40840,40408
"인천광역시","남자","시각",6891,7274,7729,7928,8038,8197,8250,8251,8341,8385,8357,8317,8286,8262,8252,8265,8233,8282
"인천광역시","남자","청각",5976,6520,7184,7561,7580,7503,7372,7294,7166,7693,8636,10231,11544,12516,13448,14363,14934,15107
"인천광역시","남자","언어",582,627,698,740,745,765,778,812,862,889,956,981,1036,1082,1112,1123,1065,1066
"인천광역시","남자","지적",3944,4108,4436,4677,4927,5137,5298,5467,5605,5781,5958,6122,6385,6565,6698,6926,7123,7326
"인천광역시","남자","뇌병변",5953,6426,6999,7322,7374,7404,7356,7351,7401,7373,7555,7667,7662,7636,7655,7626,7596,7688
"인천광역시","남자","자폐성",593,625,652,689,719,783,841,888,948,1045,1120,1188,1264,1398,1502,1678,1926,2156
"인천광역시","남자","정신",1766,1877,2094,2166,2140,2157,2161,2167,2207,2221,2269,2255,2296,2303,2322,2340,2336,2298
"인천광역시","남자","신장",1465,1612,1719,1866,1999,2128,2218,2351,2517,2680,2877,3025,3216,3413,3637,3785,3933,4094
"인천광역시","남자","심장",328,329,327,269,206,179,161,148,136,139,140,149,155,157,160,154,160,155
"인천광역시","남자","호흡기",547,582,602,594,579,532,503,477,463,454,447,467,459,447,447,434,424,415
"인천광역시","남자","간",194,225,246,259,286,309,321,342,366,409,422,418,439,467,491,508,517,542
"인천광역시","남자","안면",66,71,75,82,83,83,82,75,73,77,82,80,79,80,81,84,83,83
"인천광역시","남자","장루ㆍ요루",351,396,406,426,420,430,434,447,447,471,492,498,512,514,546,612,647,670
"인천광역시","남자","뇌전증",237,256,277,268,239,220,223,215,211,203,207,214,217,210,212,204,202,196
"인천광역시","여자","합계",39674,43676,49110,51504,51918,52263,52564,52595,52867,53662,54967,56864,58225,59004,60166,61206,61763,62221
"인천광역시","여자","지체",20404,22767,26051,27233,27363,27388,27410,27237,27100,27008,26939,26826,26586,26288,26081,25974,25657,25449
"인천광역시","여자","시각",4156,4422,4837,5082,5180,5286,5356,5375,5359,5383,5429,5437,5466,5463,5494,5503,5530,5543
"인천광역시","여자","청각",4451,5018,5625,6002,6018,5968,5919,5839,5833,6302,7197,8726,9891,10718,11676,12477,13079,13361
"인천광역시","여자","언어",172,189,214,228,223,244,253,276,302,304,316,338,378,406,430,434,436,428
"인천광역시","여자","지적",2448,2508,2684,2856,3025,3157,3301,3431,3577,3706,3828,3982,4136,4258,4366,4475,4612,4789
"인천광역시","여자","뇌병변",4134,4520,5074,5317,5334,5357,5311,5310,5393,5451,5513,5557,5581,5545,5566,5570,5534,5503
"인천광역시","여자","자폐성",123,133,139,135,135,137,157,162,173,185,211,227,249,258,304,353,416,495
"인천광역시","여자","정신",1662,1768,2019,2086,2074,2091,2155,2190,2277,2349,2410,2452,2516,2528,2541,2571,2596,2616
"인천광역시","여자","신장",1207,1332,1422,1497,1544,1641,1707,1811,1899,2012,2143,2272,2357,2452,2596,2712,2758,2854
"인천광역시","여자","심장",175,193,195,177,154,128,114,101,88,84,84,88,88,100,101,98,102,104
"인천광역시","여자","호흡기",191,221,221,218,205,201,206,188,192,183,186,184,184,180,182,170,159,166
"인천광역시","여자","간",77,96,97,116,122,131,142,149,158,167,173,206,210,224,236,250,272,284
"인천광역시","여자","안면",55,56,55,65,62,62,62,61,59,60,59,61,63,66,63,60,64,64
"인천광역시","여자","장루ㆍ요루",204,220,241,261,259,278,282,280,285,298,307,327,334,326,334,360,357,375
"인천광역시","여자","뇌전증",215,233,236,231,220,194,189,185,172,170,172,181,186,192,196,199,191,190
"광주광역시","계","합계",57280,61575,66191,68518,68675,68534,68372,68288,68079,68569,69233,69884,70175,70054,69801,69388,69202,69175
"광주광역시","계","지체",28959,30947,33151,34189,34080,33730,33408,32939,32471,32074,31607,31130,30529,30007,29453,28913,28308,27849
"광주광역시","계","시각",6257,6679,7019,7301,7359,7402,7361,7312,7276,7266,7290,7356,7338,7290,7203,7143,7091,7069
"광주광역시","계","청각",6577,7198,7853,8257,8328,8289,8234,8245,8088,8537,9095,9704,10136,10181,10217,10160,10240,10332
"광주광역시","계","언어",392,405,434,473,483,484,489,505,518,535,555,564,565,566,571,604,607,607
"광주광역시","계","지적",3872,4165,4589,4855,5107,5279,5482,5700,5940,6194,6418,6703,6931,7100,7302,7459,7644,7862
"광주광역시","계","뇌병변",5725,6237,6678,6953,6958,6959,6915,6847,6871,6835,6875,6846,6932,6902,6794,6655,6609,6538
"광주광역시","계","자폐성",403,431,437,471,503,547,571,620,658,697,748,773,816,896,980,1072,1191,1306
"광주광역시","계","정신",2409,2595,2886,2834,2757,2759,2765,2852,2921,2952,3006,3053,3091,3120,3169,3181,3203,3201
"광주광역시","계","신장",1230,1335,1429,1527,1619,1674,1759,1863,1934,2051,2160,2253,2342,2477,2570,2633,2731,2820
"광주광역시","계","심장",339,384,432,365,223,179,155,148,129,130,131,138,138,142,140,135,125,124
"광주광역시","계","호흡기",339,371,395,392,385,371,340,336,310,310,306,307,289,296,293,285,272,268
"광주광역시","계","간",143,160,193,211,200,220,259,274,296,303,341,354,363,376,386,396,417,428
"광주광역시","계","안면",54,58,61,65,64,59,59,60,63,64,63,61,65,63,63,63,63,66
"광주광역시","계","장루ㆍ요루",284,289,300,293,301,298,309,320,341,359,370,367,373,366,386,421,433,438
"광주광역시","계","뇌전증",297,321,334,332,308,284,266,267,263,262,268,275,267,272,274,268,268,267
"광주광역시","남자","합계",33296,35252,37208,38302,38402,38359,38290,38263,38244,38538,38943,39368,39573,39635,39539,39430,39369,39391
"광주광역시","남자","지체",16984,17673,18406,18842,18829,18647,18480,18208,17955,17777,17548,17324,17079,16813,16494,16222,15907,15661
"광주광역시","남자","시각",3848,4058,4208,4329,4355,4386,4364,4334,4321,4303,4300,4347,4311,4276,4228,4207,4162,4148
"광주광역시","남자","청각",3583,3898,4215,4404,4425,4415,4385,4409,4326,4526,4824,5139,5320,5384,5414,5386,5423,5454
"광주광역시","남자","언어",292,293,313,339,340,339,347,354,370,385,398,410,418,411,408,425,426,417
"광주광역시","남자","지적",2243,2423,2674,2829,2984,3061,3183,3311,3442,3594,3722,3897,4039,4139,4264,4377,4490,4624
"광주광역시","남자","뇌병변",3171,3454,3661,3806,3810,3821,3797,3757,3824,3803,3832,3820,3900,3914,3874,3819,3817,3768
"광주광역시","남자","자폐성",332,356,360,391,416,453,473,507,535,572,612,635,665,736,806,870,963,1053
"광주광역시","남자","정신",1167,1263,1404,1373,1329,1354,1340,1374,1418,1428,1454,1480,1492,1515,1530,1530,1532,1526
"광주광역시","남자","신장",739,809,855,903,940,959,1014,1081,1131,1215,1290,1337,1387,1469,1534,1589,1644,1717
"광주광역시","남자","심장",221,248,284,240,144,112,101,98,82,81,82,94,98,100,100,96,90,90
"광주광역시","남자","호흡기",268,293,306,303,299,282,254,256,231,232,226,223,206,210,207,202,189,187
"광주광역시","남자","간",95,108,135,152,144,158,185,199,218,220,244,254,258,270,275,284,295,302
"광주광역시","남자","안면",31,36,35,39,37,34,34,34,37,37,36,36,38,36,37,36,37,38
"광주광역시","남자","장루ㆍ요루",167,174,180,181,189,188,193,198,213,229,233,229,226,222,228,253,260,272
"광주광역시","남자","뇌전증",155,166,172,171,161,150,140,143,141,136,142,143,136,140,140,134,134,134
"광주광역시","여자","합계",23984,26323,28983,30216,30273,30175,30082,30025,29835,30031,30290,30516,30602,30419,30262,29958,29833,29784
"광주광역시","여자","지체",11975,13274,14745,15347,15251,15083,14928,14731,14516,14297,14059,13806,13450,13194,12959,12691,12401,12188
"광주광역시","여자","시각",2409,2621,2811,2972,3004,3016,2997,2978,2955,2963,2990,3009,3027,3014,2975,2936,2929,2921
"광주광역시","여자","청각",2994,3300,3638,3853,3903,3874,3849,3836,3762,4011,4271,4565,4816,4797,4803,4774,4817,4878
"광주광역시","여자","언어",100,112,121,134,143,145,142,151,148,150,157,154,147,155,163,179,181,190
"광주광역시","여자","지적",1629,1742,1915,2026,2123,2218,2299,2389,2498,2600,2696,2806,2892,2961,3038,3082,3154,3238
"광주광역시","여자","뇌병변",2554,2783,3017,3147,3148,3138,3118,3090,3047,3032,3043,3026,3032,2988,2920,2836,2792,2770
"광주광역시","여자","자폐성",71,75,77,80,87,94,98,113,123,125,136,138,151,160,174,202,228,253
"광주광역시","여자","정신",1242,1332,1482,1461,1428,1405,1425,1478,1503,1524,1552,1573,1599,1605,1639,1651,1671,1675
"광주광역시","여자","신장",491,526,574,624,679,715,745,782,803,836,870,916,955,1008,1036,1044,1087,1103
"광주광역시","여자","심장",118,136,148,125,79,67,54,50,47,49,49,44,40,42,40,39,35,34
"광주광역시","여자","호흡기",71,78,89,89,86,89,86,80,79,78,80,84,83,86,86,83,83,81
"광주광역시","여자","간",48,52,58,59,56,62,74,75,78,83,97,100,105,106,111,112,122,126
"광주광역시","여자","안면",23,22,26,26,27,25,25,26,26,27,27,25,27,27,26,27,26,28
"광주광역시","여자","장루ㆍ요루",117,115,120,112,112,110,116,122,128,130,137,138,147,144,158,168,173,166
"광주광역시","여자","뇌전증",142,155,162,161,147,134,126,124,122,126,126,132,131,132,134,134,134,133
"대전광역시","계","합계",59978,64348,68884,71164,71626,71647,71441,71198,70890,71425,72180,72927,73215,72840,72461,71858,71342,71344
"대전광역시","계","지체",31484,33601,36018,37118,37027,36707,36409,35953,35416,34884,34269,33776,33190,32539,31983,31302,30694,30380
"대전광역시","계","시각",6207,6566,6814,7005,7118,7166,7203,7199,7216,7203,7133,7080,7034,6993,6938,6900,6807,6773
"대전광역시","계","청각",5678,6244,6923,7428,7569,7540,7396,7282,7159,7879,8733,9507,10075,10193,10138,10082,10050,10056
"대전광역시","계","언어",342,367,393,436,462,478,478,486,513,543,555,571,568,592,603,607,616,630
"대전광역시","계","지적",3823,4124,4330,4520,4701,4968,5204,5442,5625,5841,6073,6305,6531,6650,6843,7004,7167,7289
"대전광역시","계","뇌병변",6765,7279,7775,7961,8021,7905,7664,7596,7561,7450,7523,7532,7437,7280,7186,7015,6860,6764
"대전광역시","계","자폐성",452,494,551,595,633,676,731,777,820,876,933,984,1028,1082,1130,1188,1329,1434
"대전광역시","계","정신",2220,2471,2700,2700,2701,2762,2849,2884,2931,3003,3052,3139,3179,3210,3219,3229,3263,3321
"대전광역시","계","신장",1419,1530,1620,1707,1802,1916,2001,2106,2184,2313,2444,2569,2691,2836,2931,2994,3014,3127
"대전광역시","계","심장",351,356,353,275,209,182,169,150,141,141,143,132,125,119,111,117,116,120
"대전광역시","계","호흡기",413,424,450,435,417,398,379,358,333,316,319,296,300,293,284,274,269,267
"대전광역시","계","간",176,215,223,229,228,236,255,262,270,271,283,304,327,344,358,379,386,403
"대전광역시","계","안면",61,68,76,76,79,83,77,80,83,78,80,77,75,72,75,81,82,85
"대전광역시","계","장루ㆍ요루",319,326,340,359,363,369,374,373,379,385,395,393,396,386,407,430,427,433
"대전광역시","계","뇌전증",268,283,318,320,296,261,252,250,259,242,245,262,259,251,255,256,262,262
"대전광역시","남자","합계",36461,38418,40374,41563,41862,41909,41819,41657,41511,41767,42178,42491,42630,42442,42284,41999,41766,41791
"대전광역시","남자","지체",19654,20432,21282,21827,21781,21606,21466,21208,20929,20638,20336,19988,19681,19326,18983,18633,18290,18109
"대전광역시","남자","시각",3878,4052,4139,4205,4254,4250,4301,4304,4323,4318,4271,4236,4195,4174,4148,4103,4021,4014
"대전광역시","남자","청각",3200,3474,3832,4077,4165,4161,4088,4027,3946,4305,4729,5082,5332,5358,5334,5327,5329,5290
"대전광역시","남자","언어",245,263,284,314,330,343,341,345,371,389,398,409,395,411,421,422,427,424
"대전광역시","남자","지적",2321,2506,2638,2720,2818,2974,3108,3229,3326,3441,3557,3704,3846,3937,4070,4134,4238,4310
"대전광역시","남자","뇌병변",3789,4049,4294,4450,4501,4448,4279,4224,4206,4121,4165,4180,4139,4063,4039,3965,3899,3856
"대전광역시","남자","자폐성",368,404,451,502,536,573,621,658,694,743,789,830,863,904,950,995,1109,1193
"대전광역시","남자","정신",1162,1276,1383,1388,1380,1417,1463,1465,1481,1510,1539,1569,1596,1600,1601,1600,1608,1650
"대전광역시","남자","신장",795,853,913,963,1027,1100,1148,1216,1268,1354,1421,1524,1603,1703,1753,1802,1829,1919
"대전광역시","남자","심장",200,213,210,164,128,110,102,89,86,83,83,84,80,72,67,76,70,73
"대전광역시","남자","호흡기",320,329,337,324,315,302,284,271,250,236,243,222,217,217,215,207,203,197
"대전광역시","남자","간",135,157,161,166,167,173,187,189,190,188,200,215,226,236,240,253,263,272
"대전광역시","남자","안면",43,44,51,52,54,59,55,57,58,56,55,52,53,50,53,58,59,61
"대전광역시","남자","장루ㆍ요루",194,205,218,228,235,240,237,237,240,245,251,252,257,251,267,283,279,282
"대전광역시","남자","뇌전증",157,161,181,183,171,153,139,138,143,140,141,144,147,140,143,141,142,141
"대전광역시","여자","합계",23517,25930,28510,29601,29764,29738,29622,29541,29379,29658,30002,30436,30585,30398,30177,29859,29576,29553
"대전광역시","여자","지체",11830,13169,14736,15291,15246,15101,14943,14745,14487,14246,13933,13788,13509,13213,13000,12669,12404,12271
"대전광역시","여자","시각",2329,2514,2675,2800,2864,2916,2902,2895,2893,2885,2862,2844,2839,2819,2790,2797,2786,2759
"대전광역시","여자","청각",2478,2770,3091,3351,3404,3379,3308,3255,3213,3574,4004,4425,4743,4835,4804,4755,4721,4766
"대전광역시","여자","언어",97,104,109,122,132,135,137,141,142,154,157,162,173,181,182,185,189,206
"대전광역시","여자","지적",1502,1618,1692,1800,1883,1994,2096,2213,2299,2400,2516,2601,2685,2713,2773,2870,2929,2979
"대전광역시","여자","뇌병변",2976,3230,3481,3511,3520,3457,3385,3372,3355,3329,3358,3352,3298,3217,3147,3050,2961,2908
"대전광역시","여자","자폐성",84,90,100,93,97,103,110,119,126,133,144,154,165,178,180,193,220,241
"대전광역시","여자","정신",1058,1195,1317,1312,1321,1345,1386,1419,1450,1493,1513,1570,1583,1610,1618,1629,1655,1671
"대전광역시","여자","신장",624,677,707,744,775,816,853,890,916,959,1023,1045,1088,1133,1178,1192,1185,1208
"대전광역시","여자","심장",151,143,143,111,81,72,67,61,55,58,60,48,45,47,44,41,46,47
"대전광역시","여자","호흡기",93,95,113,111,102,96,95,87,83,80,76,74,83,76,69,67,66,70
"대전광역시","여자","간",41,58,62,63,61,63,68,73,80,83,83,89,101,108,118,126,123,131
"대전광역시","여자","안면",18,24,25,24,25,24,22,23,25,22,25,25,22,22,22,23,23,24
"대전광역시","여자","장루ㆍ요루",125,121,122,131,128,129,137,136,139,140,144,141,139,135,140,147,148,151
"대전광역시","여자","뇌전증",111,122,137,137,125,108,113,112,116,102,104,118,112,111,112,115,120,121
"울산광역시","계","합계",40758,44402,47210,49013,48926,48982,48950,49014,49326,49533,50205,50640,51013,51112,51297,51306,51210,51055
"울산광역시","계","지체",21432,23225,24636,25526,25500,25455,25373,25169,25032,24645,24381,24038,23788,23511,23197,22910,22586,22276
"울산광역시","계","시각",4093,4430,4606,4763,4788,4868,4902,4949,5001,4971,4937,4918,4903,4860,4831,4772,4778,4759
"울산광역시","계","청각",5002,5570,6024,6401,6371,6286,6145,6079,6072,6353,6857,7314,7611,7694,7910,7994,8010,8017
"울산광역시","계","언어",258,262,267,281,281,290,302,305,329,336,359,393,416,429,453,462,450,452
"울산광역시","계","지적",2702,2865,3012,3195,3304,3409,3484,3628,3807,3911,4048,4150,4297,4430,4541,4664,4788,4905
"울산광역시","계","뇌병변",3873,4323,4691,4850,4764,4745,4745,4686,4728,4793,4881,4908,4873,4826,4816,4782,4680,4602
"울산광역시","계","자폐성",257,286,310,325,348,374,396,425,459,491,524,563,624,670,729,807,899,989
"울산광역시","계","정신",1014,1120,1236,1241,1249,1254,1276,1323,1345,1367,1386,1405,1417,1452,1472,1468,1474,1462
"울산광역시","계","신장",842,915,957,1037,1113,1217,1295,1417,1516,1607,1705,1808,1923,2065,2156,2189,2287,2341
"울산광역시","계","심장",531,604,630,559,380,278,226,214,193,176,179,178,172,168,173,169,157,143
"울산광역시","계","호흡기",273,272,267,261,252,236,226,212,212,225,257,259,258,265,254,260,247,238
"울산광역시","계","간",123,142,149,156,169,184,204,227,249,274,301,318,339,347,356,375,388,395
"울산광역시","계","안면",52,59,64,66,67,66,68,70,73,73,71,72,70,70,71,72,76,73
"울산광역시","계","장루ㆍ요루",156,166,187,192,196,200,197,203,201,209,216,213,218,219,225,262,270,282
"울산광역시","계","뇌전증",150,163,174,160,144,120,111,107,109,102,103,103,104,106,113,120,120,121
"울산광역시","남자","합계",25720,27647,28998,29928,29840,29829,29813,29846,30008,30082,30386,30616,30794,30899,31030,31078,31042,31007
"울산광역시","남자","지체",13992,14893,15517,15950,15933,15907,15870,15733,15636,15381,15206,14990,14812,14664,14479,14323,14091,13912
"울산광역시","남자","시각",2459,2620,2705,2779,2807,2860,2891,2917,2948,2924,2893,2892,2886,2869,2875,2829,2833,2843
"울산광역시","남자","청각",3120,3443,3665,3868,3834,3767,3682,3649,3644,3788,4019,4232,4404,4435,4557,4608,4634,4652
"울산광역시","남자","언어",174,176,183,194,195,199,203,212,228,231,243,267,283,296,310,324,323,323
"울산광역시","남자","지적",1668,1760,1851,1959,2003,2075,2112,2192,2298,2357,2444,2504,2602,2687,2735,2804,2876,2936
"울산광역시","남자","뇌병변",2237,2497,2677,2773,2727,2712,2721,2679,2690,2724,2778,2797,2754,2735,2732,2721,2672,2637
"울산광역시","남자","자폐성",210,238,262,275,288,312,329,352,385,418,441,474,525,560,610,668,730,796
"울산광역시","남자","정신",544,585,637,637,646,637,640,658,665,675,686,691,692,708,715,713,722,714
"울산광역시","남자","신장",467,513,537,576,603,649,702,778,835,891,945,1016,1073,1166,1229,1249,1312,1355
"울산광역시","남자","심장",356,396,426,376,262,186,143,136,122,112,109,108,101,98,105,105,100,94
"울산광역시","남자","호흡기",204,207,200,193,186,174,162,157,155,164,190,193,189,196,183,193,188,177
"울산광역시","남자","간",94,108,111,116,128,136,150,169,186,205,217,228,242,248,254,263,273,276
"울산광역시","남자","안면",37,43,45,45,46,46,47,48,49,48,48,49,47,47,47,48,52,51
"울산광역시","남자","장루ㆍ요루",86,90,102,108,114,114,110,117,114,117,119,125,130,134,138,165,172,177
"울산광역시","남자","뇌전증",72,78,80,79,68,55,51,49,53,47,48,50,54,56,61,65,64,64
"울산광역시","여자","합계",15038,16755,18212,19085,19086,19153,19137,19168,19318,19451,19819,20024,20219,20213,20267,20228,20168,20048
"울산광역시","여자","지체",7440,8332,9119,9576,9567,9548,9503,9436,9396,9264,9175,9048,8976,8847,8718,8587,8495,8364
"울산광역시","여자","시각",1634,1810,1901,1984,1981,2008,2011,2032,2053,2047,2044,2026,2017,1991,1956,1943,1945,1916
"울산광역시","여자","청각",1882,2127,2359,2533,2537,2519,2463,2430,2428,2565,2838,3082,3207,3259,3353,3386,3376,3365
"울산광역시","여자","언어",84,86,84,87,86,91,99,93,101,105,116,126,133,133,143,138,127,129
"울산광역시","여자","지적",1034,1105,1161,1236,1301,1334,1372,1436,1509,1554,1604,1646,1695,1743,1806,1860,1912,1969
"울산광역시","여자","뇌병변",1636,1826,2014,2077,2037,2033,2024,2007,2038,2069,2103,2111,2119,2091,2084,2061,2008,1965
"울산광역시","여자","자폐성",47,48,48,50,60,62,67,73,74,73,83,89,99,110,119,139,169,193
"울산광역시","여자","정신",470,535,599,604,603,617,636,665,680,692,700,714,725,744,757,755,752,748
"울산광역시","여자","신장",375,402,420,461,510,568,593,639,681,716,760,792,850,899,927,940,975,986
"울산광역시","여자","심장",175,208,204,183,118,92,83,78,71,64,70,70,71,70,68,64,57,49
"울산광역시","여자","호흡기",69,65,67,68,66,62,64,55,57,61,67,66,69,69,71,67,59,61
"울산광역시","여자","간",29,34,38,40,41,48,54,58,63,69,84,90,97,99,102,112,115,119
"울산광역시","여자","안면",15,16,19,21,21,20,21,22,24,25,23,23,23,23,24,24,24,22
"울산광역시","여자","장루ㆍ요루",70,76,85,84,82,86,87,86,87,92,97,88,88,85,87,97,98,105
"울산광역시","여자","뇌전증",78,85,94,81,76,65,60,58,56,55,55,53,50,50,52,55,56,57
"세종특별자치시","계","합계",-,-,-,-,-,7081,7202,7943,9079,9845,10623,11404,12046,12346,12628,12829,12908,12993
"세종특별자치시","계","지체",-,-,-,-,-,3615,3701,4126,4715,5013,5296,5592,5768,5778,5843,5848,5777,5688
"세종특별자치시","계","시각",-,-,-,-,-,705,711,805,917,985,1053,1124,1182,1195,1217,1237,1227,1229
"세종특별자치시","계","청각",-,-,-,-,-,763,762,843,950,1111,1300,1475,1630,1731,1780,1823,1805,1833
"세종특별자치시","계","언어",-,-,-,-,-,49,50,58,67,68,77,84,93,107,113,122,128,131
"세종특별자치시","계","지적",-,-,-,-,-,644,659,708,805,861,921,985,1062,1116,1148,1180,1232,1278
"세종특별자치시","계","뇌병변",-,-,-,-,-,647,635,657,750,848,935,994,1067,1087,1127,1106,1084,1106
"세종특별자치시","계","자폐성",-,-,-,-,-,27,35,44,67,88,112,144,170,208,230,265,352,416
"세종특별자치시","계","정신",-,-,-,-,-,374,367,368,405,408,417,425,440,455,454,471,480,480
"세종특별자치시","계","신장",-,-,-,-,-,104,123,163,215,257,285,342,394,414,449,502,528,532
"세종특별자치시","계","심장",-,-,-,-,-,11,14,18,18,23,23,20,20,21,23,27,25,27
"세종특별자치시","계","호흡기",-,-,-,-,-,49,48,47,48,49,49,49,48,53,56,49,57,59
"세종특별자치시","계","간",-,-,-,-,-,20,22,27,34,39,47,59,60,69,69,81,85,88
"세종특별자치시","계","안면",-,-,-,-,-,7,7,7,9,10,14,14,13,12,13,13,14,11
"세종특별자치시","계","장루ㆍ요루",-,-,-,-,-,39,43,46,50,58,67,70,72,69,80,81,89,86
"세종특별자치시","계","뇌전증",-,-,-,-,-,27,25,26,29,27,27,27,27,31,26,24,25,29
"세종특별자치시","남자","합계",-,-,-,-,-,4141,4200,4660,5325,5787,6248,6749,7176,7364,7530,7675,7829,7885
"세종특별자치시","남자","지체",-,-,-,-,-,2108,2151,2433,2773,2947,3140,3348,3485,3506,3549,3558,3543,3509
"세종특별자치시","남자","시각",-,-,-,-,-,408,417,472,547,583,627,686,735,746,766,774,775,777
"세종특별자치시","남자","청각",-,-,-,-,-,417,410,448,494,587,677,764,841,889,895,925,933,937
"세종특별자치시","남자","언어",-,-,-,-,-,38,38,45,55,54,62,66,74,85,92,102,102,104
"세종특별자치시","남자","지적",-,-,-,-,-,418,420,447,512,546,588,617,668,696,731,747,791,816
"세종특별자치시","남자","뇌병변",-,-,-,-,-,376,370,390,434,497,533,565,608,617,620,622,621,636
"세종특별자치시","남자","자폐성",-,-,-,-,-,24,29,36,56,75,93,121,141,172,192,217,295,347
"세종특별자치시","남자","정신",-,-,-,-,-,194,191,190,210,213,220,224,230,240,240,250,255,247
"세종특별자치시","남자","신장",-,-,-,-,-,60,74,95,124,150,163,206,243,253,270,300,322,320
"세종특별자치시","남자","심장",-,-,-,-,-,8,11,14,14,15,17,16,14,14,16,19,19,20
"세종특별자치시","남자","호흡기",-,-,-,-,-,37,34,32,33,33,33,33,33,38,41,35,37,37
"세종특별자치시","남자","간",-,-,-,-,-,14,14,18,22,27,28,37,38,44,46,53,57,55
"세종특별자치시","남자","안면",-,-,-,-,-,5,5,4,6,7,8,8,8,7,8,8,9,8
"세종특별자치시","남자","장루ㆍ요루",-,-,-,-,-,21,23,24,29,38,44,44,45,42,49,49,53,56
"세종특별자치시","남자","뇌전증",-,-,-,-,-,13,13,12,16,15,15,14,13,15,15,16,17,16
"세종특별자치시","여자","합계",-,-,-,-,-,2940,3002,3283,3754,4058,4375,4655,4870,4982,5098,5154,5079,5108
"세종특별자치시","여자","지체",-,-,-,-,-,1507,1550,1693,1942,2066,2156,2244,2283,2272,2294,2290,2234,2179
"세종특별자치시","여자","시각",-,-,-,-,-,297,294,333,370,402,426,438,447,449,451,463,452,452
"세종특별자치시","여자","청각",-,-,-,-,-,346,352,395,456,524,623,711,789,842,885,898,872,896
"세종특별자치시","여자","언어",-,-,-,-,-,11,12,13,12,14,15,18,19,22,21,20,26,27
"세종특별자치시","여자","지적",-,-,-,-,-,226,239,261,293,315,333,368,394,420,417,433,441,462
"세종특별자치시","여자","뇌병변",-,-,-,-,-,271,265,267,316,351,402,429,459,470,507,484,463,470
"세종특별자치시","여자","자폐성",-,-,-,-,-,3,6,8,11,13,19,23,29,36,38,48,57,69
"세종특별자치시","여자","정신",-,-,-,-,-,180,176,178,195,195,197,201,210,215,214,221,225,233
"세종특별자치시","여자","신장",-,-,-,-,-,44,49,68,91,107,122,136,151,161,179,202,206,212
"세종특별자치시","여자","심장",-,-,-,-,-,3,3,4,4,8,6,4,6,7,7,8,6,7
"세종특별자치시","여자","호흡기",-,-,-,-,-,12,14,15,15,16,16,16,15,15,15,14,20,22
"세종특별자치시","여자","간",-,-,-,-,-,6,8,9,12,12,19,22,22,25,23,28,28,33
"세종특별자치시","여자","안면",-,-,-,-,-,2,2,3,3,3,6,6,5,5,5,5,5,3
"세종특별자치시","여자","장루ㆍ요루",-,-,-,-,-,18,20,22,21,20,23,26,27,27,31,32,36,30
"세종특별자치시","여자","뇌전증",-,-,-,-,-,14,12,14,13,12,12,13,14,16,11,8,8,13
"경기도","계","합계",407247,435698,477021,500704,505052,505519,506464,508330,512882,522437,533259,547378,559796,569491,578120,582359,583750,587910
"경기도","계","지체",219386,235291,259038,271707,272713,271452,270229,268930,268668,268816,268832,268727,267775,266983,266053,263585,260100,257682
"경기도","계","시각",40855,42954,46002,48237,49137,49630,50087,50397,50868,51482,52038,52987,53725,54203,54622,54748,54519,54566
"경기도","계","청각",36815,40251,44613,47441,47986,47814,47438,47197,47169,51459,56322,64101,72378,78017,82670,86281,89118,92297
"경기도","계","언어",2842,2992,3132,3323,3345,3476,3533,3642,3772,3995,4299,4517,4805,5163,5417,5421,5217,5162
"경기도","계","지적",26779,27922,29764,31294,32669,34063,35331,36708,38203,39742,41289,42933,44541,45870,47270,48376,49612,50790
"경기도","계","뇌병변",42372,46005,50249,53059,53032,52566,52020,51925,52333,52693,53728,54605,54788,54963,54895,54331,53304,52970
"경기도","계","자폐성",2919,3151,3438,3682,3943,4162,4450,4868,5360,5920,6403,7037,7624,8287,9155,10280,11762,13181
"경기도","계","정신",13631,14273,16104,16555,16694,16657,16896,17258,17788,18215,18496,19016,19299,19556,19871,20079,20113,20138
"경기도","계","신장",10440,11011,11955,12707,13483,14209,15161,16138,17285,18478,19807,21070,22307,23576,24881,25704,26274,27145
"경기도","계","심장",2841,2942,3040,2677,2146,1745,1561,1479,1352,1293,1292,1301,1302,1310,1291,1256,1216,1219
"경기도","계","호흡기",2644,2794,2936,2985,2838,2729,2584,2454,2423,2403,2447,2506,2425,2477,2516,2481,2382,2365
"경기도","계","간",1504,1628,1871,1948,2063,2164,2319,2430,2601,2796,2986,3153,3311,3504,3691,3853,4039,4166
"경기도","계","안면",425,459,509,549,565,561,576,576,581,598,615,626,616,629,633,631,649,653
"경기도","계","장루ㆍ요루",2225,2375,2545,2699,2706,2805,2863,2948,3078,3191,3306,3389,3480,3537,3741,3912,4018,4152
"경기도","계","뇌전증",1569,1650,1825,1841,1732,1486,1416,1380,1401,1356,1399,1410,1420,1416,1414,1421,1427,1424
"경기도","남자","합계",254306,267394,287288,299727,301751,301643,302035,303157,306117,311539,317854,325877,332824,338569,343772,346593,347661,350232
"경기도","남자","지체",140674,147103,157374,163865,164085,163214,162348,161509,161385,161347,161448,161565,161068,160670,160232,158836,156950,155602
"경기도","남자","시각",25882,26920,28583,29785,30264,30576,30893,31096,31384,31692,31952,32490,32941,33217,33449,33498,33313,33293
"경기도","남자","청각",21261,22981,25238,26690,26913,26788,26520,26352,26354,28665,31183,35165,39269,42268,44791,46739,48182,49872
"경기도","남자","언어",2103,2199,2299,2448,2449,2549,2561,2626,2729,2913,3154,3298,3500,3757,3920,3927,3750,3700
"경기도","남자","지적",16624,17299,18328,19253,20105,20906,21636,22481,23398,24367,25342,26345,27364,28142,28934,29660,30387,31029
"경기도","남자","뇌병변",24877,26842,29229,30685,30641,30196,29939,29878,30136,30395,30970,31457,31637,31821,31809,31546,30992,30792
"경기도","남자","자폐성",2467,2678,2939,3141,3395,3588,3836,4200,4614,5084,5518,6044,6526,7069,7769,8635,9774,10883
"경기도","남자","정신",7189,7401,8222,8386,8390,8267,8296,8453,8747,8938,9028,9254,9396,9474,9585,9691,9641,9630
"경기도","남자","신장",5759,6128,6678,7109,7564,7968,8556,9174,9887,10567,11370,12148,12921,13745,14593,15190,15674,16286
"경기도","남자","심장",1774,1838,1929,1689,1363,1098,990,943,862,825,839,833,832,840,843,827,790,795
"경기도","남자","호흡기",2034,2127,2202,2221,2094,1998,1875,1786,1739,1715,1764,1802,1741,1770,1814,1770,1698,1702
"경기도","남자","간",1121,1202,1377,1434,1509,1596,1699,1765,1867,1995,2124,2239,2323,2449,2564,2667,2782,2859
"경기도","남자","안면",249,270,296,318,324,322,334,339,346,352,362,367,369,375,375,376,388,395
"경기도","남자","장루ㆍ요루",1405,1485,1599,1696,1708,1766,1790,1815,1903,1967,2059,2124,2186,2215,2341,2474,2567,2633
"경기도","남자","뇌전증",887,921,995,1007,947,811,762,740,766,717,741,746,751,757,753,757,773,761
"경기도","여자","합계",152941,168304,189733,200977,203301,203876,204429,205173,206765,210898,215405,221501,226972,230922,234348,235766,236089,237678
"경기도","여자","지체",78712,88188,101664,107842,108628,108238,107881,107421,107283,107469,107384,107162,106707,106313,105821,104749,103150,102080
"경기도","여자","시각",14973,16034,17419,18452,18873,19054,19194,19301,19484,19790,20086,20497,20784,20986,21173,21250,21206,21273
"경기도","여자","청각",15554,17270,19375,20751,21073,21026,20918,20845,20815,22794,25139,28936,33109,35749,37879,39542,40936,42425
"경기도","여자","언어",739,793,833,875,896,927,972,1016,1043,1082,1145,1219,1305,1406,1497,1494,1467,1462
"경기도","여자","지적",10155,10623,11436,12041,12564,13157,13695,14227,14805,15375,15947,16588,17177,17728,18336,18716,19225,19761
"경기도","여자","뇌병변",17495,19163,21020,22374,22391,22370,22081,22047,22197,22298,22758,23148,23151,23142,23086,22785,22312,22178
"경기도","여자","자폐성",452,473,499,541,548,574,614,668,746,836,885,993,1098,1218,1386,1645,1988,2298
"경기도","여자","정신",6442,6872,7882,8169,8304,8390,8600,8805,9041,9277,9468,9762,9903,10082,10286,10388,10472,10508
"경기도","여자","신장",4681,4883,5277,5598,5919,6241,6605,6964,7398,7911,8437,8922,9386,9831,10288,10514,10600,10859
"경기도","여자","심장",1067,1104,1111,988,783,647,571,536,490,468,453,468,470,470,448,429,426,424
"경기도","여자","호흡기",610,667,734,764,744,731,709,668,684,688,683,704,684,707,702,711,684,663
"경기도","여자","간",383,426,494,514,554,568,620,665,734,801,862,914,988,1055,1127,1186,1257,1307
"경기도","여자","안면",176,189,213,231,241,239,242,237,235,246,253,259,247,254,258,255,261,258
"경기도","여자","장루ㆍ요루",820,890,946,1003,998,1039,1073,1133,1175,1224,1247,1265,1294,1322,1400,1438,1451,1519
"경기도","여자","뇌전증",682,729,830,834,785,675,654,640,635,639,658,664,669,659,661,664,654,663
"강원특별자치도","계","합계",85594,91448,97604,101067,101283,100579,99660,98970,98324,98928,99959,100693,101480,101607,101675,101498,100321,99542
"강원특별자치도","계","지체",46881,49817,53184,54974,54911,54292,53706,53100,52491,51902,51550,51023,50535,49986,49526,49032,48136,47393
"강원특별자치도","계","시각",8075,8603,9062,9421,9496,9551,9497,9433,9408,9450,9459,9415,9428,9434,9416,9371,9196,9094
"강원특별자치도","계","청각",8863,9884,10834,11534,11493,11197,11026,10830,10700,11447,12451,13481,14297,14674,14930,15059,14986,14957
"강원특별자치도","계","언어",622,645,660,701,702,715,706,702,715,725,746,737,748,770,788,790,784,761
"강원특별자치도","계","지적",6024,6145,6483,6728,6985,7208,7382,7535,7698,7896,8062,8213,8397,8435,8547,8617,8671,8739
"강원특별자치도","계","뇌병변",8396,9156,9724,9945,9903,9804,9497,9460,9326,9335,9316,9277,9253,9151,9027,8888,8660,8502
"강원특별자치도","계","자폐성",281,291,331,367,407,443,479,505,545,595,629,664,735,776,847,961,1068,1188
"강원특별자치도","계","정신",2737,2967,3135,3178,3142,3070,3070,3047,3073,3076,3109,3108,3157,3180,3231,3241,3235,3184
"강원특별자치도","계","신장",1535,1634,1732,1779,1907,2035,2138,2252,2322,2456,2577,2692,2840,3059,3238,3367,3424,3550
"강원특별자치도","계","심장",395,402,412,356,309,266,229,179,142,140,139,131,131,130,121,127,126,124
"강원특별자치도","계","호흡기",749,778,851,854,798,760,708,690,646,618,583,560,544,537,513,480,448,439
"강원특별자치도","계","간",236,272,286,283,273,291,301,309,330,348,383,413,430,475,500,539,559,594
"강원특별자치도","계","안면",59,70,77,85,85,85,86,86,86,89,89,98,99,97,101,106,102,99
"강원특별자치도","계","장루ㆍ요루",448,474,489,514,541,568,564,587,584,594,628,639,655,669,668,692,704,706
"강원특별자치도","계","뇌전증",293,310,344,348,331,294,271,255,258,257,238,242,231,234,222,228,222,212
"강원특별자치도","남자","합계",52622,55332,58020,59593,59523,58950,58292,57780,57441,57623,58021,58338,58712,58823,58786,58733,58042,57639
"강원특별자치도","남자","지체",29640,30781,31922,32567,32464,32024,31600,31198,30784,30417,30171,29798,29489,29180,28912,28636,28158,27774
"강원특별자치도","남자","시각",4875,5129,5341,5504,5546,5522,5491,5435,5419,5416,5401,5376,5386,5389,5408,5387,5335,5269
"강원특별자치도","남자","청각",5008,5549,6092,6485,6387,6199,6089,5917,5902,6280,6759,7291,7708,7892,7927,8002,7915,7842
"강원특별자치도","남자","언어",435,455,462,492,491,502,501,496,509,511,533,525,539,552,560,557,543,528
"강원특별자치도","남자","지적",3574,3644,3818,3966,4098,4243,4342,4436,4523,4623,4697,4797,4887,4909,4981,5036,5051,5119
"강원특별자치도","남자","뇌병변",4987,5431,5738,5850,5784,5713,5510,5510,5471,5447,5439,5427,5399,5384,5300,5224,5072,4965
"강원특별자치도","남자","자폐성",223,226,260,294,331,362,394,417,456,490,517,545,606,644,706,802,886,970
"강원특별자치도","남자","정신",1496,1594,1679,1709,1708,1658,1660,1625,1636,1629,1625,1611,1637,1644,1670,1670,1658,1627
"강원특별자치도","남자","신장",846,904,976,1021,1080,1144,1197,1277,1318,1404,1473,1548,1638,1783,1892,1962,1985,2095
"강원특별자치도","남자","심장",244,245,249,214,186,164,140,108,90,88,88,83,85,88,81,83,81,83
"강원특별자치도","남자","호흡기",614,629,694,699,652,618,579,569,529,503,472,456,443,434,410,376,352,339
"강원특별자치도","남자","간",199,228,240,225,211,224,221,215,227,236,264,285,299,325,347,375,384,408
"강원특별자치도","남자","안면",33,38,42,47,48,47,47,48,48,49,50,56,56,55,56,61,59,57
"강원특별자치도","남자","장루ㆍ요루",277,296,298,313,336,362,360,372,373,379,397,402,407,410,407,430,431,437
"강원특별자치도","남자","뇌전증",171,183,209,207,201,168,161,157,156,151,135,138,133,134,129,132,132,126
"강원특별자치도","여자","합계",32972,36116,39584,41474,41760,41629,41368,41190,40883,41305,41938,42355,42768,42784,42889,42765,42279,41903
"강원특별자치도","여자","지체",17241,19036,21262,22407,22447,22268,22106,21902,21707,21485,21379,21225,21046,20806,20614,20396,19978,19619
"강원특별자치도","여자","시각",3200,3474,3721,3917,3950,4029,4006,3998,3989,4034,4058,4039,4042,4045,4008,3984,3861,3825
"강원특별자치도","여자","청각",3855,4335,4742,5049,5106,4998,4937,4913,4798,5167,5692,6190,6589,6782,7003,7057,7071,7115
"강원특별자치도","여자","언어",187,190,198,209,211,213,205,206,206,214,213,212,209,218,228,233,241,233
"강원특별자치도","여자","지적",2450,2501,2665,2762,2887,2965,3040,3099,3175,3273,3365,3416,3510,3526,3566,3581,3620,3620
"강원특별자치도","여자","뇌병변",3409,3725,3986,4095,4119,4091,3987,3950,3855,3888,3877,3850,3854,3767,3727,3664,3588,3537
"강원특별자치도","여자","자폐성",58,65,71,73,76,81,85,88,89,105,112,119,129,132,141,159,182,218
"강원특별자치도","여자","정신",1241,1373,1456,1469,1434,1412,1410,1422,1437,1447,1484,1497,1520,1536,1561,1571,1577,1557
"강원특별자치도","여자","신장",689,730,756,758,827,891,941,975,1004,1052,1104,1144,1202,1276,1346,1405,1439,1455
"강원특별자치도","여자","심장",151,157,163,142,123,102,89,71,52,52,51,48,46,42,40,44,45,41
"강원특별자치도","여자","호흡기",135,149,157,155,146,142,129,121,117,115,111,104,101,103,103,104,96,100
"강원특별자치도","여자","간",37,44,46,58,62,67,80,94,103,112,119,128,131,150,153,164,175,186
"강원특별자치도","여자","안면",26,32,35,38,37,38,39,38,38,40,39,42,43,42,45,45,43,42
"강원특별자치도","여자","장루ㆍ요루",171,178,191,201,205,206,204,215,211,215,231,237,248,259,261,262,273,269
"강원특별자치도","여자","뇌전증",122,127,135,141,130,126,110,98,102,106,103,104,98,100,93,96,90,86
"충청북도","계","합계",79826,85097,90958,94654,94855,94137,93563,93612,93536,94688,95844,97086,97686,97916,97788,97734,96884,96694
"충청북도","계","지체",41545,44382,47744,49440,49416,48897,48436,48188,47726,47307,46957,46523,46083,45714,45120,44597,43720,43130
"충청북도","계","시각",7725,8232,8606,8920,8966,8957,8934,8952,8979,8983,8965,8993,8936,8863,8802,8774,8688,8660
"충청북도","계","청각",7975,8552,9444,10173,10216,10120,9935,9867,9738,10818,11759,12951,13537,13875,14068,14299,14222,14219
"충청북도","계","언어",527,545,563,600,626,606,620,624,629,650,677,662,689,688,713,715,709,709
"충청북도","계","지적",7157,7487,7840,8195,8475,8698,8973,9209,9427,9653,9886,10205,10494,10656,10863,10990,11170,11330
"충청북도","계","뇌병변",7754,8478,8920,9327,9231,8995,8713,8621,8651,8667,8789,8738,8696,8644,8463,8316,8126,8064
"충청북도","계","자폐성",322,356,388,431,450,484,512,537,578,608,657,694,745,781,856,995,1155,1331
"충청북도","계","정신",3321,3347,3645,3667,3603,3520,3566,3660,3719,3699,3698,3706,3740,3743,3751,3719,3671,3631
"충청북도","계","신장",1403,1559,1624,1727,1863,1972,2048,2190,2336,2509,2642,2776,2921,3083,3244,3383,3499,3648
"충청북도","계","심장",440,448,437,393,287,227,207,187,168,153,148,150,140,151,143,139,140,144
"충청북도","계","호흡기",617,635,613,594,538,481,434,379,366,366,377,364,347,341,343,350,324,339
"충청북도","계","간",190,207,227,242,249,270,283,297,315,348,377,401,427,445,468,493,520,544
"충청북도","계","안면",73,84,87,91,93,90,89,86,86,90,87,86,87,87,92,94,92,93
"충청북도","계","장루ㆍ요루",457,460,477,509,524,549,567,570,573,580,574,591,601,605,619,625,621,628
"충청북도","계","뇌전증",320,325,343,345,318,271,246,245,245,257,251,246,243,240,243,245,227,224
"충청북도","남자","합계",48271,50512,52805,54586,54547,54138,53771,53810,53726,54283,55030,55616,55964,56106,56083,56183,55760,55831
"충청북도","남자","지체",25676,26621,27712,28480,28377,28106,27837,27657,27385,27132,26986,26784,26615,26474,26188,25962,25503,25297
"충청북도","남자","시각",4727,5015,5142,5276,5280,5264,5256,5282,5318,5339,5342,5329,5303,5235,5214,5209,5156,5144
"충청북도","남자","청각",4488,4780,5216,5569,5578,5499,5394,5326,5227,5766,6206,6779,7040,7184,7227,7317,7261,7275
"충청북도","남자","언어",378,388,400,420,432,420,437,442,444,453,471,470,483,483,506,504,492,483
"충청북도","남자","지적",4276,4459,4662,4840,5009,5134,5285,5422,5540,5672,5849,6049,6186,6272,6376,6463,6579,6627
"충청북도","남자","뇌병변",4436,4843,5019,5248,5146,5014,4855,4835,4840,4841,4950,4900,4898,4897,4807,4734,4641,4620
"충청북도","남자","자폐성",270,297,323,366,385,415,442,462,496,518,562,594,634,663,722,831,948,1089
"충청북도","남자","정신",1814,1806,1965,1967,1935,1878,1886,1944,1972,1957,1945,1928,1919,1919,1933,1922,1871,1835
"충청북도","남자","신장",786,872,902,955,1052,1126,1162,1261,1341,1421,1508,1577,1685,1783,1884,1977,2058,2167
"충청북도","남자","심장",265,268,268,240,185,150,137,125,113,100,97,98,90,103,91,89,89,94
"충청북도","남자","호흡기",503,489,486,477,428,383,337,293,282,279,287,269,253,239,238,247,235,255
"충청북도","남자","간",148,150,166,177,180,198,206,216,232,257,284,296,316,320,338,351,368,381
"충청북도","남자","안면",42,49,52,58,58,56,55,53,51,54,52,52,53,53,57,59,57,57
"충청북도","남자","장루ㆍ요루",297,303,311,332,339,357,359,367,363,364,363,367,369,364,380,389,387,393
"충청북도","남자","뇌전증",165,172,181,181,163,138,123,125,122,130,128,124,120,117,122,129,115,114
"충청북도","여자","합계",31555,34585,38153,40068,40308,39999,39792,39802,39810,40405,40814,41470,41722,41810,41705,41551,41124,40863
"충청북도","여자","지체",15869,17761,20032,20960,21039,20791,20599,20531,20341,20175,19971,19739,19468,19240,18932,18635,18217,17833
"충청북도","여자","시각",2998,3217,3464,3644,3686,3693,3678,3670,3661,3644,3623,3664,3633,3628,3588,3565,3532,3516
"충청북도","여자","청각",3487,3772,4228,4604,4638,4621,4541,4541,4511,5052,5553,6172,6497,6691,6841,6982,6961,6944
"충청북도","여자","언어",149,157,163,180,194,186,183,182,185,197,206,192,206,205,207,211,217,226
"충청북도","여자","지적",2881,3028,3178,3355,3466,3564,3688,3787,3887,3981,4037,4156,4308,4384,4487,4527,4591,4703
"충청북도","여자","뇌병변",3318,3635,3901,4079,4085,3981,3858,3786,3811,3826,3839,3838,3798,3747,3656,3582,3485,3444
"충청북도","여자","자폐성",52,59,65,65,65,69,70,75,82,90,95,100,111,118,134,164,207,242
"충청북도","여자","정신",1507,1541,1680,1700,1668,1642,1680,1716,1747,1742,1753,1778,1821,1824,1818,1797,1800,1796
"충청북도","여자","신장",617,687,722,772,811,846,886,929,995,1088,1134,1199,1236,1300,1360,1406,1441,1481
"충청북도","여자","심장",175,180,169,153,102,77,70,62,55,53,51,52,50,48,52,50,51,50
"충청북도","여자","호흡기",114,146,127,117,110,98,97,86,84,87,90,95,94,102,105,103,89,84
"충청북도","여자","간",42,57,61,65,69,72,77,81,83,91,93,105,111,125,130,142,152,163
"충청북도","여자","안면",31,35,35,33,35,34,34,33,35,36,35,34,34,34,35,35,35,36
"충청북도","여자","장루ㆍ요루",160,157,166,177,185,192,208,203,210,216,211,224,232,241,239,236,234,235
"충청북도","여자","뇌전증",155,153,162,164,155,133,123,120,123,127,123,122,123,123,121,116,112,110
"충청남도","계","합계",107895,116908,125556,130646,131108,124872,124561,124721,124801,126406,128503,131908,133717,134222,134696,134527,133686,133136
"충청남도","계","지체",57047,62254,67225,69859,70005,66779,66470,66021,65661,65145,64668,63976,63219,62720,62196,61722,60761,59838
"충청남도","계","시각",10881,11551,12079,12489,12609,12086,12116,12128,12097,12058,12076,12052,12084,12079,12158,12121,12034,11953
"충청남도","계","청각",10980,12115,13403,14262,14365,13656,13532,13534,13537,15059,16842,20217,22044,22560,22928,23028,22853,22814
"충청남도","계","언어",827,851,888,921,931,904,897,933,952,975,1014,1011,1005,1040,1084,1115,1048,1045
"충청남도","계","지적",8606,9037,9429,9719,10098,9793,10174,10436,10739,11027,11349,11661,11988,12246,12486,12647,12908,13127
"충청남도","계","뇌병변",9699,10587,11487,12055,12023,11231,10836,10897,10828,10846,10965,10992,11033,10908,10846,10540,10350,10329
"충청남도","계","자폐성",303,332,365,385,422,448,504,568,631,713,811,898,981,1054,1183,1359,1586,1806
"충청남도","계","정신",4793,5167,5465,5620,5437,5036,5029,5091,5150,5214,5245,5325,5363,5362,5367,5351,5323,5242
"충청남도","계","신장",1776,1947,2045,2226,2337,2368,2497,2670,2797,2988,3150,3350,3550,3778,3960,4109,4274,4413
"충청남도","계","심장",593,584,574,501,365,283,263,235,223,223,217,210,214,206,202,198,197,194
"충청남도","계","호흡기",1040,1032,1054,995,941,825,758,689,653,603,584,577,570,560,545,536,505,480
"충청남도","계","간",243,271,298,318,335,337,362,377,387,410,438,467,496,518,550,575,595,624
"충청남도","계","안면",86,96,99,118,116,114,116,119,121,119,126,123,126,130,131,130,125,133
"충청남도","계","장루ㆍ요루",610,648,698,723,722,687,699,727,737,750,750,772,767,769,781,819,849,860
"충청남도","계","뇌전증",411,436,447,455,402,325,308,296,288,276,268,277,277,292,279,277,278,278
"충청남도","남자","합계",65810,69961,73520,75900,75939,72284,72058,71998,71984,72848,73976,75726,76489,76765,77020,77078,76685,76496
"충청남도","남자","지체",35583,37711,39463,40594,40559,38644,38528,38190,37892,37560,37337,36991,36517,36220,35931,35782,35321,34873
"충청남도","남자","시각",6689,7022,7272,7461,7471,7196,7191,7209,7198,7179,7200,7150,7141,7182,7230,7241,7184,7186
"충청남도","남자","청각",6229,6811,7376,7812,7850,7458,7352,7339,7350,8133,8986,10641,11447,11698,11844,11861,11698,11642
"충청남도","남자","언어",566,580,603,625,629,610,615,643,663,675,706,712,714,736,758,777,726,726
"충청남도","남자","지적",5241,5496,5719,5873,6086,5861,6065,6173,6374,6541,6735,6900,7082,7238,7373,7501,7662,7778
"충청남도","남자","뇌병변",5584,6063,6553,6861,6798,6336,6070,6083,6052,6074,6142,6173,6215,6127,6118,5935,5826,5796
"충청남도","남자","자폐성",245,273,306,322,360,371,424,475,526,596,679,756,825,887,991,1124,1295,1467
"충청남도","남자","정신",2593,2779,2914,2970,2899,2688,2674,2704,2698,2737,2746,2777,2798,2794,2788,2749,2717,2665
"충청남도","남자","신장",1025,1125,1171,1286,1342,1375,1445,1555,1627,1762,1858,2022,2131,2247,2344,2432,2574,2661
"충청남도","남자","심장",340,338,332,285,205,155,138,123,121,120,117,114,122,125,120,116,115,115
"충청남도","남자","호흡기",878,868,864,821,770,675,618,556,520,483,468,461,448,441,429,425,399,372
"충청남도","남자","간",187,209,227,240,252,254,270,276,282,297,315,330,350,364,386,403,416,441
"충청남도","남자","안면",57,61,62,74,72,71,71,69,72,72,74,72,75,79,80,79,76,84
"충청남도","남자","장루ㆍ요루",361,386,419,430,427,416,424,438,449,459,461,469,463,456,467,495,525,542
"충청남도","남자","뇌전증",232,239,239,246,219,174,173,165,160,160,152,158,161,171,161,158,151,148
"충청남도","여자","합계",42085,46947,52036,54746,55169,52588,52503,52723,52817,53558,54527,56182,57228,57457,57676,57449,57001,56640
"충청남도","여자","지체",21464,24543,27762,29265,29446,28135,27942,27831,27769,27585,27331,26985,26702,26500,26265,25940,25440,24965
"충청남도","여자","시각",4192,4529,4807,5028,5138,4890,4925,4919,4899,4879,4876,4902,4943,4897,4928,4880,4850,4767
"충청남도","여자","청각",4751,5304,6027,6450,6515,6198,6180,6195,6187,6926,7856,9576,10597,10862,11084,11167,11155,11172
"충청남도","여자","언어",261,271,285,296,302,294,282,290,289,300,308,299,291,304,326,338,322,319
"충청남도","여자","지적",3365,3541,3710,3846,4012,3932,4109,4263,4365,4486,4614,4761,4906,5008,5113,5146,5246,5349
"충청남도","여자","뇌병변",4115,4524,4934,5194,5225,4895,4766,4814,4776,4772,4823,4819,4818,4781,4728,4605,4524,4533
"충청남도","여자","자폐성",58,59,59,63,62,77,80,93,105,117,132,142,156,167,192,235,291,339
"충청남도","여자","정신",2200,2388,2551,2650,2538,2348,2355,2387,2452,2477,2499,2548,2565,2568,2579,2602,2606,2577
"충청남도","여자","신장",751,822,874,940,995,993,1052,1115,1170,1226,1292,1328,1419,1531,1616,1677,1700,1752
"충청남도","여자","심장",253,246,242,216,160,128,125,112,102,103,100,96,92,81,82,82,82,79
"충청남도","여자","호흡기",162,164,190,174,171,150,140,133,133,120,116,116,122,119,116,111,106,108
"충청남도","여자","간",56,62,71,78,83,83,92,101,105,113,123,137,146,154,164,172,179,183
"충청남도","여자","안면",29,35,37,44,44,43,45,50,49,47,52,51,51,51,51,51,49,49
"충청남도","여자","장루ㆍ요루",249,262,279,293,295,271,275,289,288,291,289,303,304,313,314,324,324,318
"충청남도","여자","뇌전증",179,197,208,209,183,151,135,131,128,116,116,119,116,121,118,119,127,130
"전북특별자치도","계","합계",116141,120481,130807,134235,134239,133054,132006,130932,129769,130345,131303,131746,132361,132183,132010,131544,129964,128993
"전북특별자치도","계","지체",63095,65566,71659,73347,73063,72414,71618,70649,69463,68350,67516,66299,65112,63932,62896,61834,60255,58933
"전북특별자치도","계","시각",11032,11169,11774,12006,12078,12016,12061,11976,11868,11772,11693,11583,11422,11255,11185,11019,10829,10641
"전북특별자치도","계","청각",11197,11918,13362,14168,14163,13932,13654,13354,13100,14426,15677,17200,18813,19720,20326,20977,21216,21613
"전북특별자치도","계","언어",900,931,979,1043,1074,1081,1076,1083,1134,1146,1181,1190,1220,1248,1282,1283,1305,1301
"전북특별자치도","계","지적",8718,8927,9560,9914,10300,10638,10920,11220,11468,11702,11974,12140,12344,12482,12642,12806,12835,12936
"전북특별자치도","계","뇌병변",11496,12068,13038,13322,13339,12915,12547,12357,12274,12258,12274,12118,12013,11801,11596,11243,10876,10683
"전북특별자치도","계","자폐성",342,354,423,454,476,509,542,573,607,637,692,721,785,841,933,1060,1210,1379
"전북특별자치도","계","정신",5410,5537,5787,5690,5501,5377,5358,5355,5395,5454,5491,5471,5458,5477,5476,5455,5450,5382
"전북특별자치도","계","신장",1554,1596,1759,1847,1906,2010,2135,2289,2434,2568,2733,2934,3101,3319,3486,3640,3778,3908
"전북특별자치도","계","심장",436,427,404,355,294,238,220,211,181,176,164,161,158,154,155,158,146,147
"전북특별자치도","계","호흡기",553,546,550,530,515,465,435,389,372,363,375,361,355,357,353,346,328,314
"전북특별자치도","계","간",215,216,237,243,267,292,297,320,343,377,408,423,442,466,488,508,521,530
"전북특별자치도","계","안면",100,107,115,123,123,119,115,117,118,114,114,115,111,115,122,124,124,126
"전북특별자치도","계","장루ㆍ요루",488,509,534,564,552,549,557,572,559,556,579,601,597,592,644,676,683,694
"전북특별자치도","계","뇌전증",605,610,626,629,588,499,471,467,453,446,432,429,430,424,426,415,408,406
"전북특별자치도","남자","합계",66662,67827,72058,73490,73254,72490,71803,71201,70626,71020,71443,71685,71948,71796,71755,71730,71136,70954
"전북특별자치도","남자","지체",36105,36351,38406,38989,38654,38155,37610,37047,36450,35896,35439,34864,34292,33721,33200,32816,32147,31636
"전북특별자치도","남자","시각",6597,6645,6947,7019,7043,7005,7014,6945,6881,6826,6765,6697,6606,6531,6513,6429,6311,6215
"전북특별자치도","남자","청각",6233,6569,7284,7692,7629,7511,7349,7208,7047,7747,8298,9013,9684,10064,10327,10661,10777,11023
"전북특별자치도","남자","언어",674,679,713,755,772,768,762,757,789,798,838,845,865,879,901,894,912,901
"전북특별자치도","남자","지적",5068,5180,5571,5782,6005,6177,6351,6529,6700,6843,6990,7088,7206,7281,7392,7487,7522,7595
"전북특별자치도","남자","뇌병변",6300,6636,7107,7201,7184,6969,6767,6687,6619,6615,6626,6548,6524,6376,6266,6109,5949,5884
"전북특별자치도","남자","자폐성",270,287,344,371,386,419,451,478,505,526,574,599,650,693,768,867,978,1110
"전북특별자치도","남자","정신",2906,2945,3044,2992,2912,2853,2838,2815,2829,2862,2868,2847,2831,2829,2827,2796,2788,2737
"전북특별자치도","남자","신장",950,981,1071,1128,1190,1263,1332,1431,1523,1620,1735,1857,1956,2080,2171,2262,2359,2444
"전북특별자치도","남자","심장",260,256,243,214,175,140,132,126,108,105,99,103,103,99,102,105,96,98
"전북특별자치도","남자","호흡기",438,431,433,421,404,360,337,301,284,276,281,277,275,274,269,264,251,244
"전북특별자치도","남자","간",166,168,177,178,196,216,224,238,261,287,308,310,329,345,357,362,370,377
"전북특별자치도","남자","안면",44,44,49,52,52,50,49,47,47,46,46,46,45,47,52,52,53,55
"전북특별자치도","남자","장루ㆍ요루",318,329,341,361,346,344,344,355,351,347,362,375,363,358,388,412,416,432
"전북특별자치도","남자","뇌전증",333,326,328,335,306,260,243,237,232,226,214,216,219,219,222,214,207,203
"전북특별자치도","여자","합계",49479,52654,58749,60745,60985,60564,60203,59731,59143,59325,59860,60061,60413,60387,60255,59814,58828,58039
"전북특별자치도","여자","지체",26990,29215,33253,34358,34409,34259,34008,33602,33013,32454,32077,31435,30820,30211,29696,29018,28108,27297
"전북특별자치도","여자","시각",4435,4524,4827,4987,5035,5011,5047,5031,4987,4946,4928,4886,4816,4724,4672,4590,4518,4426
"전북특별자치도","여자","청각",4964,5349,6078,6476,6534,6421,6305,6146,6053,6679,7379,8187,9129,9656,9999,10316,10439,10590
"전북특별자치도","여자","언어",226,252,266,288,302,313,314,326,345,348,343,345,355,369,381,389,393,400
"전북특별자치도","여자","지적",3650,3747,3989,4132,4295,4461,4569,4691,4768,4859,4984,5052,5138,5201,5250,5319,5313,5341
"전북특별자치도","여자","뇌병변",5196,5432,5931,6121,6155,5946,5780,5670,5655,5643,5648,5570,5489,5425,5330,5134,4927,4799
"전북특별자치도","여자","자폐성",72,67,79,83,90,90,91,95,102,111,118,122,135,148,165,193,232,269
"전북특별자치도","여자","정신",2504,2592,2743,2698,2589,2524,2520,2540,2566,2592,2623,2624,2627,2648,2649,2659,2662,2645
"전북특별자치도","여자","신장",604,615,688,719,716,747,803,858,911,948,998,1077,1145,1239,1315,1378,1419,1464
"전북특별자치도","여자","심장",176,171,161,141,119,98,88,85,73,71,65,58,55,55,53,53,50,49
"전북특별자치도","여자","호흡기",115,115,117,109,111,105,98,88,88,87,94,84,80,83,84,82,77,70
"전북특별자치도","여자","간",49,48,60,65,71,76,73,82,82,90,100,113,113,121,131,146,151,153
"전북특별자치도","여자","안면",56,63,66,71,71,69,66,70,71,68,68,69,66,68,70,72,71,71
"전북특별자치도","여자","장루ㆍ요루",170,180,193,203,206,205,213,217,208,209,217,226,234,234,256,264,267,262
"전북특별자치도","여자","뇌전증",272,284,298,294,282,239,228,230,221,220,218,213,211,205,204,201,201,203
"전라남도","계","합계",125731,134898,144039,147918,146524,145788,144324,143128,141837,141578,142174,142213,141883,140929,139831,138300,136269,134551
"전라남도","계","지체",67347,72422,78364,80662,79691,79040,77849,76787,75556,74290,73318,71918,70745,69599,68400,67236,65613,64176
"전라남도","계","시각",13517,14011,14657,15002,14828,14874,14794,14608,14500,14338,14198,14078,13967,13844,13616,13385,13105,12852
"전라남도","계","청각",14500,16240,16723,17413,17235,17045,16881,16652,16405,17225,18475,19669,20246,20379,20351,20211,19937,19872
"전라남도","계","언어",1058,1020,1024,1034,1028,1027,995,1025,1027,1027,1019,1004,1011,1025,1052,1058,1048,1031
"전라남도","계","지적",8607,8941,9386,9765,10097,10342,10613,10836,11095,11339,11579,11847,12076,12232,12349,12464,12608,12700
"전라남도","계","뇌병변",10367,11284,12177,12472,12287,12195,11937,11854,11764,11697,11682,11586,11505,11325,11151,10764,10592,10446
"전라남도","계","자폐성",392,420,440,441,436,456,486,498,536,586,649,729,792,832,920,1043,1202,1315
"전라남도","계","정신",5283,5572,5912,5838,5813,5745,5731,5749,5749,5725,5723,5728,5726,5704,5696,5688,5614,5534
"전라남도","계","신장",1783,1893,2048,2141,2225,2383,2531,2662,2787,2940,3121,3237,3420,3591,3847,3993,4096,4200
"전라남도","계","심장",606,624,668,547,391,317,271,248,222,215,202,188,185,179,184,172,167,167
"전라남도","계","호흡기",910,1014,1096,1025,933,852,768,733,689,646,606,577,538,511,504,476,443,418
"전라남도","계","간",273,291,320,325,340,349,379,382,409,447,500,519,542,569,600,635,667,686
"전라남도","계","안면",79,83,91,102,99,98,94,93,98,92,90,86,85,89,88,87,91,91
"전라남도","계","장루ㆍ요루",507,539,561,589,598,596,582,589,591,617,623,655,654,659,695,714,722,716
"전라남도","계","뇌전증",502,544,572,562,523,469,413,412,409,394,389,392,391,391,378,374,364,347
"전라남도","남자","합계",71783,75214,78415,79859,78711,78066,77074,76287,75683,75500,75683,75756,75457,75042,74595,74062,73266,72614
"전라남도","남자","지체",37700,39016,40550,41287,40548,40095,39321,38670,38078,37420,36928,36287,35683,35180,34653,34188,33542,32941
"전라남도","남자","시각",7814,8003,8292,8425,8306,8335,8270,8154,8075,7977,7913,7841,7776,7714,7575,7471,7343,7230
"전라남도","남자","청각",8179,9134,9289,9559,9375,9189,9047,8863,8716,9086,9572,10114,10284,10317,10267,10207,10087,10035
"전라남도","남자","언어",748,722,724,721,720,716,683,697,696,689,677,658,667,680,697,706,695,684
"전라남도","남자","지적",5216,5394,5666,5901,6101,6254,6414,6537,6706,6848,6982,7130,7264,7363,7431,7507,7605,7661
"전라남도","남자","뇌병변",5712,6193,6697,6896,6752,6645,6476,6427,6385,6336,6329,6300,6231,6117,6030,5847,5735,5710
"전라남도","남자","자폐성",318,335,353,356,357,380,408,419,459,505,561,630,681,704,767,872,1005,1088
"전라남도","남자","정신",2992,3138,3331,3291,3276,3226,3227,3228,3227,3211,3176,3161,3157,3132,3114,3113,3054,3007
"전라남도","남자","신장",1062,1104,1197,1235,1288,1383,1507,1612,1681,1786,1903,1984,2090,2207,2391,2487,2552,2627
"전라남도","남자","심장",404,412,442,359,253,196,169,155,140,135,126,118,116,114,120,109,104,110
"전라남도","남자","호흡기",762,841,905,840,751,689,617,584,552,505,476,453,421,403,395,365,338,318
"전라남도","남자","간",225,231,254,258,262,272,292,293,313,346,387,404,416,434,452,478,499,504
"전라남도","남자","안면",43,48,49,56,58,56,54,53,55,51,51,50,50,53,52,51,52,54
"전라남도","남자","장루ㆍ요루",323,335,347,368,382,381,368,374,376,389,384,398,391,400,432,446,448,452
"전라남도","남자","뇌전증",285,308,319,307,282,249,221,221,224,216,218,228,230,224,219,215,207,193
"전라남도","여자","합계",53948,59684,65624,68059,67813,67722,67250,66841,66154,66078,66491,66457,66426,65887,65236,64238,63003,61937
"전라남도","여자","지체",29647,33406,37814,39375,39143,38945,38528,38117,37478,36870,36390,35631,35062,34419,33747,33048,32071,31235
"전라남도","여자","시각",5703,6008,6365,6577,6522,6539,6524,6454,6425,6361,6285,6237,6191,6130,6041,5914,5762,5622
"전라남도","여자","청각",6321,7106,7434,7854,7860,7856,7834,7789,7689,8139,8903,9555,9962,10062,10084,10004,9850,9837
"전라남도","여자","언어",310,298,300,313,308,311,312,328,331,338,342,346,344,345,355,352,353,347
"전라남도","여자","지적",3391,3547,3720,3864,3996,4088,4199,4299,4389,4491,4597,4717,4812,4869,4918,4957,5003,5039
"전라남도","여자","뇌병변",4655,5091,5480,5576,5535,5550,5461,5427,5379,5361,5353,5286,5274,5208,5121,4917,4857,4736
"전라남도","여자","자폐성",74,85,87,85,79,76,78,79,77,81,88,99,111,128,153,171,197,227
"전라남도","여자","정신",2291,2434,2581,2547,2537,2519,2504,2521,2522,2514,2547,2567,2569,2572,2582,2575,2560,2527
"전라남도","여자","신장",721,789,851,906,937,1000,1024,1050,1106,1154,1218,1253,1330,1384,1456,1506,1544,1573
"전라남도","여자","심장",202,212,226,188,138,121,102,93,82,80,76,70,69,65,64,63,63,57
"전라남도","여자","호흡기",148,173,191,185,182,163,151,149,137,141,130,124,117,108,109,111,105,100
"전라남도","여자","간",48,60,66,67,78,77,87,89,96,101,113,115,126,135,148,157,168,182
"전라남도","여자","안면",36,35,42,46,41,42,40,40,43,41,39,36,35,36,36,36,39,37
"전라남도","여자","장루ㆍ요루",184,204,214,221,216,215,214,215,215,228,239,257,263,259,263,268,274,264
"전라남도","여자","뇌전증",217,236,253,255,241,220,192,191,185,178,171,164,161,167,159,159,157,154
"경상북도","계","합계",143009,151898,164885,170396,170479,169699,168836,168650,168089,169643,172533,176550,180888,181322,182452,182180,177997,177436
"경상북도","계","지체",73766,78746,85868,88723,88477,87768,86924,86278,85468,84396,83226,82032,81055,79852,78887,77652,74949,73522
"경상북도","계","시각",15053,15713,16643,17134,17162,17066,17053,16963,16785,16600,16396,16234,16130,15822,15763,15566,15081,14817
"경상북도","계","청각",14504,15832,17798,18812,18939,18822,18685,18679,18600,20767,24319,28987,33557,35246,36672,37526,37135,37962
"경상북도","계","언어",1037,1056,1126,1182,1204,1177,1167,1169,1160,1159,1183,1202,1260,1294,1308,1350,1310,1261
"경상북도","계","지적",11187,11535,12264,12706,13216,13636,14104,14476,14797,15106,15449,15827,16241,16422,16650,16924,16855,17108
"경상북도","계","뇌병변",14858,15898,17099,17657,17591,17297,16867,16673,16412,16224,16100,15989,15956,15638,15560,15174,14576,14317
"경상북도","계","자폐성",482,506,531,586,611,661,709,793,874,956,1029,1126,1188,1284,1423,1602,1823,2029
"경상북도","계","정신",6229,6415,6902,6968,6862,6886,6916,6991,7136,7291,7367,7370,7389,7395,7464,7444,7257,7178
"경상북도","계","신장",2397,2503,2712,2875,3045,3227,3347,3597,3815,4061,4346,4578,4871,5074,5385,5584,5691,5906
"경상북도","계","심장",997,1033,1075,862,592,471,411,389,371,339,328,330,317,306,311,296,270,263
"경상북도","계","호흡기",824,890,968,905,875,813,773,717,682,664,660,664,644,658,647,623,590,589
"경상북도","계","간",357,372,416,441,439,481,521,559,617,680,737,808,863,879,923,954,996,1031
"경상북도","계","안면",165,189,198,214,211,206,203,201,199,198,200,193,195,198,197,193,190,184
"경상북도","계","장루ㆍ요루",671,723,778,813,790,786,811,835,831,850,843,854,859,882,898,927,908,916
"경상북도","계","뇌전증",482,487,507,518,465,402,345,330,342,352,350,356,363,372,364,365,366,353
"경상북도","남자","합계",86091,89634,95103,97572,97429,96744,96117,95877,95478,96293,97542,99253,101230,101423,101966,102010,99863,99709
"경상북도","남자","지체",45295,46934,49333,50452,50230,49709,49168,48761,48196,47652,47003,46340,45841,45252,44794,44234,42879,42245
"경상북도","남자","시각",8947,9237,9633,9828,9810,9726,9689,9640,9514,9426,9269,9178,9131,8946,8912,8805,8566,8472
"경상북도","남자","청각",7989,8568,9563,10026,10061,9975,9882,9816,9760,10810,12386,14400,16408,17204,17790,18164,17931,18313
"경상북도","남자","언어",775,781,831,866,879,861,843,836,821,820,832,844,865,889,884,926,891,851
"경상북도","남자","지적",6866,7077,7538,7803,8086,8318,8624,8857,9040,9212,9432,9631,9883,9992,10142,10308,10224,10389
"경상북도","남자","뇌병변",8592,9176,9744,10052,10012,9795,9505,9365,9256,9151,9109,9079,9081,8867,8815,8675,8351,8198
"경상북도","남자","자폐성",396,426,450,492,521,563,603,681,747,814,875,957,1003,1083,1187,1332,1506,1670
"경상북도","남자","정신",3551,3591,3859,3888,3800,3805,3807,3814,3893,3958,3982,3959,3952,3946,3966,3931,3832,3760
"경상북도","남자","신장",1388,1440,1582,1682,1781,1886,1948,2095,2235,2391,2583,2729,2919,3055,3272,3408,3479,3601
"경상북도","남자","심장",563,578,611,495,343,271,242,232,225,208,203,212,204,201,202,188,170,164
"경상북도","남자","호흡기",681,724,788,748,716,661,628,571,539,531,522,520,500,506,489,471,435,439
"경상북도","남자","간",282,291,314,334,335,365,394,420,462,506,545,596,626,639,662,683,711,733
"경상북도","남자","안면",94,108,111,120,118,116,112,111,110,110,113,109,109,111,111,111,111,108
"경상북도","남자","장루ㆍ요루",389,420,449,479,471,461,474,482,479,495,485,493,499,517,530,565,565,564
"경상북도","남자","뇌전증",283,283,297,307,266,232,198,196,201,209,203,206,209,215,210,209,212,202
"경상북도","여자","합계",56918,62264,69782,72824,73050,72955,72719,72773,72611,73350,74991,77297,79658,79899,80486,80170,78134,77727
"경상북도","여자","지체",28471,31812,36535,38271,38247,38059,37756,37517,37272,36744,36223,35692,35214,34600,34093,33418,32070,31277
"경상북도","여자","시각",6106,6476,7010,7306,7352,7340,7364,7323,7271,7174,7127,7056,6999,6876,6851,6761,6515,6345
"경상북도","여자","청각",6515,7264,8235,8786,8878,8847,8803,8863,8840,9957,11933,14587,17149,18042,18882,19362,19204,19649
"경상북도","여자","언어",262,275,295,316,325,316,324,333,339,339,351,358,395,405,424,424,419,410
"경상북도","여자","지적",4321,4458,4726,4903,5130,5318,5480,5619,5757,5894,6017,6196,6358,6430,6508,6616,6631,6719
"경상북도","여자","뇌병변",6266,6722,7355,7605,7579,7502,7362,7308,7156,7073,6991,6910,6875,6771,6745,6499,6225,6119
"경상북도","여자","자폐성",86,80,81,94,90,98,106,112,127,142,154,169,185,201,236,270,317,359
"경상북도","여자","정신",2678,2824,3043,3080,3062,3081,3109,3177,3243,3333,3385,3411,3437,3449,3498,3513,3425,3418
"경상북도","여자","신장",1009,1063,1130,1193,1264,1341,1399,1502,1580,1670,1763,1849,1952,2019,2113,2176,2212,2305
"경상북도","여자","심장",434,455,464,367,249,200,169,157,146,131,125,118,113,105,109,108,100,99
"경상북도","여자","호흡기",143,166,180,157,159,152,145,146,143,133,138,144,144,152,158,152,155,150
"경상북도","여자","간",75,81,102,107,104,116,127,139,155,174,192,212,237,240,261,271,285,298
"경상북도","여자","안면",71,81,87,94,93,90,91,90,89,88,87,84,86,87,86,82,79,76
"경상북도","여자","장루ㆍ요루",282,303,329,334,319,325,337,353,352,355,358,361,360,365,368,362,343,352
"경상북도","여자","뇌전증",199,204,210,211,199,170,147,134,141,143,147,150,154,157,154,156,154,151
"경상남도","계","합계",151785,162753,175198,180880,181044,180285,179530,179276,179070,180665,183510,186014,187956,188713,189499,189569,188250,187756
"경상남도","계","지체",83367,89871,96814,99800,99706,98951,98037,97124,96080,95119,94245,93144,92070,90902,89881,88656,86856,85323
"경상남도","계","시각",14464,15383,16315,16793,16991,17015,16930,16984,17051,17051,17067,17054,17026,16981,16949,16884,16748,16680
"경상남도","계","청각",14030,15474,16877,17688,17641,17351,16982,16845,16691,18236,20481,22969,25031,26109,26992,27708,28008,28594
"경상남도","계","언어",1028,1101,1170,1221,1227,1266,1229,1240,1272,1315,1361,1395,1439,1510,1573,1574,1537,1517
"경상남도","계","지적",11668,10839,11490,11845,12267,12673,13077,13463,13829,14202,14628,15037,15442,15744,16088,16384,16600,16872
"경상남도","계","뇌병변",14063,15823,17196,17968,17996,17771,17621,17485,17433,17433,17714,17824,17679,17564,17334,17082,16638,16348
"경상남도","계","자폐성",613,820,877,910,975,1044,1108,1185,1300,1423,1576,1709,1903,2080,2297,2598,2962,3253
"경상남도","계","정신",6153,6573,7139,7275,7139,7154,7314,7416,7527,7686,7775,7825,7911,7933,7996,8012,7946,7886
"경상남도","계","신장",2791,3049,3296,3497,3682,3929,4145,4450,4759,5009,5418,5719,6023,6413,6784,6969,7207,7507
"경상남도","계","심장",1023,1036,1059,903,516,345,305,285,266,252,253,259,263,262,268,275,286,278
"경상남도","계","호흡기",781,854,924,916,902,843,827,807,793,806,787,774,776,773,783,786,766,742
"경상남도","계","간",355,411,458,435,424,438,487,523,560,601,657,710,774,819,866,910,949,999
"경상남도","계","안면",174,197,206,217,226,221,220,214,214,210,208,208,207,201,201,201,200,205
"경상남도","계","장루ㆍ요루",691,707,736,789,814,847,842,868,909,944,955,991,1012,1021,1071,1090,1131,1143
"경상남도","계","뇌전증",584,615,641,623,538,437,406,387,386,378,385,396,400,401,416,440,416,409
"경상남도","남자","합계",92740,97581,102833,105440,105413,104817,104414,104120,104018,104838,106280,107485,108537,108853,109392,109648,109103,109063
"경상남도","남자","지체",52581,55061,57507,58773,58551,57987,57437,56806,56179,55679,55222,54611,54028,53346,52852,52229,51307,50564
"경상남도","남자","시각",8983,9381,9846,10083,10183,10183,10125,10158,10184,10122,10120,10096,10095,10079,10057,10021,9945,9904
"경상남도","남자","청각",7847,8435,9118,9491,9458,9269,9061,8944,8837,9601,10626,11724,12722,13250,13675,14023,14156,14471
"경상남도","남자","언어",727,766,810,854,850,880,866,877,901,930,958,995,1021,1066,1124,1126,1096,1071
"경상남도","남자","지적",6613,6531,6869,7034,7325,7582,7805,8026,8263,8475,8760,9025,9279,9423,9634,9823,9939,10093
"경상남도","남자","뇌병변",8054,8865,9590,9996,10019,9869,9799,9713,9697,9674,9832,9887,9813,9775,9664,9604,9405,9296
"경상남도","남자","자폐성",490,661,706,745,802,865,923,988,1088,1183,1299,1417,1580,1709,1876,2128,2409,2621
"경상남도","남자","정신",3491,3682,3964,4000,3903,3899,3981,4012,4080,4155,4161,4170,4186,4186,4187,4161,4118,4064
"경상남도","남자","신장",1600,1734,1836,1981,2104,2252,2399,2598,2779,2959,3196,3370,3561,3756,3968,4091,4242,4478
"경상남도","남자","심장",621,606,615,520,308,205,183,166,156,153,155,156,158,161,164,167,180,173
"경상남도","남자","호흡기",588,641,667,662,657,605,598,578,561,566,554,549,548,536,544,562,550,541
"경상남도","남자","간",278,323,360,327,312,323,363,387,405,439,477,522,561,586,619,656,679,701
"경상남도","남자","안면",112,122,126,135,139,134,134,132,132,129,125,128,128,120,121,121,119,125
"경상남도","남자","장루ㆍ요루",430,433,464,486,491,513,506,517,543,570,584,613,631,636,675,689,722,734
"경상남도","남자","뇌전증",325,340,355,353,311,251,234,218,213,203,211,222,226,224,232,247,236,227
"경상남도","여자","합계",59045,65172,72365,75440,75631,75468,75116,75156,75052,75827,77230,78529,79419,79860,80107,79921,79147,78693
"경상남도","여자","지체",30786,34810,39307,41027,41155,40964,40600,40318,39901,39440,39023,38533,38042,37556,37029,36427,35549,34759
"경상남도","여자","시각",5481,6002,6469,6710,6808,6832,6805,6826,6867,6929,6947,6958,6931,6902,6892,6863,6803,6776
"경상남도","여자","청각",6183,7039,7759,8197,8183,8082,7921,7901,7854,8635,9855,11245,12309,12859,13317,13685,13852,14123
"경상남도","여자","언어",301,335,360,367,377,386,363,363,371,385,403,400,418,444,449,448,441,446
"경상남도","여자","지적",5055,4308,4621,4811,4942,5091,5272,5437,5566,5727,5868,6012,6163,6321,6454,6561,6661,6779
"경상남도","여자","뇌병변",6009,6958,7606,7972,7977,7902,7822,7772,7736,7759,7882,7937,7866,7789,7670,7478,7233,7052
"경상남도","여자","자폐성",123,159,171,165,173,179,185,197,212,240,277,292,323,371,421,470,553,632
"경상남도","여자","정신",2662,2891,3175,3275,3236,3255,3333,3404,3447,3531,3614,3655,3725,3747,3809,3851,3828,3822
"경상남도","여자","신장",1191,1315,1460,1516,1578,1677,1746,1852,1980,2050,2222,2349,2462,2657,2816,2878,2965,3029
"경상남도","여자","심장",402,430,444,383,208,140,122,119,110,99,98,103,105,101,104,108,106,105
"경상남도","여자","호흡기",193,213,257,254,245,238,229,229,232,240,233,225,228,237,239,224,216,201
"경상남도","여자","간",77,88,98,108,112,115,124,136,155,162,180,188,213,233,247,254,270,298
"경상남도","여자","안면",62,75,80,82,87,87,86,82,82,81,83,80,79,81,80,80,81,80
"경상남도","여자","장루ㆍ요루",261,274,272,303,323,334,336,351,366,374,371,378,381,385,396,401,409,409
"경상남도","여자","뇌전증",259,275,286,270,227,186,172,169,173,175,174,174,174,177,184,193,180,182
"제주특별자치도","계","합계",26320,28393,30676,31874,32216,32405,32673,32989,33510,34278,35104,35840,36287,36655,36874,37124,36899,36818
"제주특별자치도","계","지체",12199,12937,13941,14335,14339,14397,14411,14462,14629,14711,14746,14674,14543,14395,14206,14096,13890,13653
"제주특별자치도","계","시각",3682,3893,4072,4160,4209,4200,4231,4259,4233,4270,4253,4225,4193,4142,4118,4087,3991,3933
"제주특별자치도","계","청각",2856,3363,3869,4229,4309,4292,4320,4321,4364,4738,5259,5860,6232,6490,6717,6848,6754,6798
"제주특별자치도","계","언어",205,233,254,269,285,293,306,330,332,356,383,394,397,403,406,421,426,422
"제주특별자치도","계","지적",2183,2268,2387,2482,2606,2698,2793,2876,2958,3049,3135,3219,3311,3393,3508,3647,3750,3795
"제주특별자치도","계","뇌병변",2662,2980,3232,3351,3376,3375,3359,3351,3441,3470,3528,3540,3525,3567,3501,3476,3375,3324
"제주특별자치도","계","자폐성",184,204,224,253,274,304,319,358,398,435,470,521,560,617,686,777,885,1009
"제주특별자치도","계","정신",936,986,1086,1124,1139,1131,1159,1187,1233,1255,1265,1281,1292,1295,1309,1307,1311,1310
"제주특별자치도","계","신장",592,650,703,761,839,891,963,1036,1115,1189,1255,1300,1390,1488,1560,1594,1633,1678
"제주특별자치도","계","심장",209,209,198,168,127,99,91,92,90,86,77,77,80,76,75,70,69,69
"제주특별자치도","계","호흡기",185,213,241,257,259,279,272,254,253,248,246,252,242,249,241,231,225,212
"제주특별자치도","계","간",104,115,110,103,93,100,110,118,123,143,161,175,179,192,201,213,220,236
"제주특별자치도","계","안면",19,20,20,24,20,23,24,24,23,23,23,26,26,25,28,28,29,31
"제주특별자치도","계","장루ㆍ요루",129,140,147,158,160,162,165,179,181,172,179,179,193,200,195,213,227,230
"제주특별자치도","계","뇌전증",175,182,192,200,181,161,150,142,137,133,124,117,124,123,123,116,114,118
"제주특별자치도","남자","합계",14829,15750,16720,17305,17469,17616,17785,18007,18380,18822,19256,19697,19979,20244,20380,20631,20567,20582
"제주특별자치도","남자","지체",7038,7245,7609,7799,7791,7814,7835,7892,8046,8123,8153,8125,8067,8012,7921,7882,7799,7685
"제주특별자치도","남자","시각",2033,2123,2204,2226,2258,2255,2278,2292,2292,2349,2336,2341,2353,2337,2322,2322,2277,2249
"제주특별자치도","남자","청각",1404,1625,1831,1998,2030,2016,2035,2037,2064,2231,2441,2725,2882,3017,3109,3178,3120,3156
"제주특별자치도","남자","언어",159,178,191,200,205,209,214,231,232,248,268,284,284,287,292,301,300,295
"제주특별자치도","남자","지적",1214,1269,1327,1387,1465,1523,1569,1629,1672,1728,1782,1835,1891,1937,2007,2102,2168,2193
"제주특별자치도","남자","뇌병변",1470,1657,1778,1824,1829,1846,1833,1823,1875,1875,1926,1945,1952,1984,1951,1959,1916,1879
"제주특별자치도","남자","자폐성",163,185,204,230,249,275,288,318,350,383,411,452,483,522,578,655,736,835
"제주특별자치도","남자","정신",518,542,589,610,610,606,627,643,655,657,653,661,659,649,661,652,650,651
"제주특별자치도","남자","신장",340,390,416,456,498,543,586,631,683,718,771,795,855,922,968,1010,1028,1059
"제주특별자치도","남자","심장",122,121,118,103,84,70,63,64,61,56,51,52,56,55,55,51,51,51
"제주특별자치도","남자","호흡기",135,162,184,194,193,215,206,191,188,177,175,181,179,192,180,167,161,151
"제주특별자치도","남자","간",78,87,88,79,72,73,79,79,84,104,117,127,132,139,146,157,163,171
"제주특별자치도","남자","안면",13,14,13,17,14,17,17,17,16,16,16,18,18,18,18,18,19,20
"제주특별자치도","남자","장루ㆍ요루",73,79,82,86,84,83,89,98,101,95,101,103,110,117,115,127,133,137
"제주특별자치도","남자","뇌전증",69,73,86,96,87,71,66,62,61,62,55,53,58,56,57,50,46,50
"제주특별자치도","여자","합계",11491,12643,13956,14569,14747,14789,14888,14982,15130,15456,15848,16143,16308,16411,16494,16493,16332,16236
"제주특별자치도","여자","지체",5161,5692,6332,6536,6548,6583,6576,6570,6583,6588,6593,6549,6476,6383,6285,6214,6091,5968
"제주특별자치도","여자","시각",1649,1770,1868,1934,1951,1945,1953,1967,1941,1921,1917,1884,1840,1805,1796,1765,1714,1684
"제주특별자치도","여자","청각",1452,1738,2038,2231,2279,2276,2285,2284,2300,2507,2818,3135,3350,3473,3608,3670,3634,3642
"제주특별자치도","여자","언어",46,55,63,69,80,84,92,99,100,108,115,110,113,116,114,120,126,127
"제주특별자치도","여자","지적",969,999,1060,1095,1141,1175,1224,1247,1286,1321,1353,1384,1420,1456,1501,1545,1582,1602
"제주특별자치도","여자","뇌병변",1192,1323,1454,1527,1547,1529,1526,1528,1566,1595,1602,1595,1573,1583,1550,1517,1459,1445
"제주특별자치도","여자","자폐성",21,19,20,23,25,29,31,40,48,52,59,69,77,95,108,122,149,174
"제주특별자치도","여자","정신",418,444,497,514,529,525,532,544,578,598,612,620,633,646,648,655,661,659
"제주특별자치도","여자","신장",252,260,287,305,341,348,377,405,432,471,484,505,535,566,592,584,605,619
"제주특별자치도","여자","심장",87,88,80,65,43,29,28,28,29,30,26,25,24,21,20,19,18,18
"제주특별자치도","여자","호흡기",50,51,57,63,66,64,66,63,65,71,71,71,63,57,61,64,64,61
"제주특별자치도","여자","간",26,28,22,24,21,27,31,39,39,39,44,48,47,53,55,56,57,65
"제주특별자치도","여자","안면",6,6,7,7,6,6,7,7,7,7,7,8,8,7,10,10,10,11
"제주특별자치도","여자","장루ㆍ요루",56,61,65,72,76,79,76,81,80,77,78,76,83,83,80,86,94,93
"제주특별자치도","여자","뇌전증",106,109,106,104,94,90,84,80,76,71,69,64,66,67,66,66,68,68
